tempo_s,freq_khz,potencia_db_rel
0.016,0,-46.728111
0.096,0,-45.902481
0.168,0,-36.808277
0.248,0,-47.622334
0.32,0,-25.256851
0.4,0,-14.07582
0.472,0,-16.89698
0.552,0,-33.739948
0.624,0,-70
0.704,0,-15.630158
0.776,0,-19.283348
0.856,0,-31.53421
0.928,0,-42.797287
1.008,0,-70
1.08,0,-34.333504
1.16,0,-53.065254
1.232,0,-56.887192
1.312,0,-26.588215
1.384,0,-21.492031
1.464,0,-27.776714
1.536,0,-20.349747
1.616,0,-27.990452
1.688,0,-37.966698
1.768,0,-33.677258
1.84,0,-18.670052
1.92,0,-25.227081
1.992,0,-14.622251
2.072,0,-28.069721
2.144,0,-26.825378
2.224,0,-35.539932
2.296,0,-21.705372
2.376,0,-44.548454
2.448,0,-20.453941
2.528,0,-40.438377
2.6,0,-27.732231
2.68,0,-67.630058
2.752,0,-33.277889
2.832,0,-22.362522
2.904,0,-31.400379
2.984,0,-40.627106
0.016,0.15625,-43.126377
0.096,0.15625,-56.661102
0.168,0.15625,-63.800224
0.248,0.15625,-70
0.32,0.15625,-12.277696
0.4,0.15625,-18.579556
0.472,0.15625,-25.154083
0.552,0.15625,-23.296417
0.624,0.15625,-52.829605
0.704,0.15625,-17.470551
0.776,0.15625,-19.698025
0.856,0.15625,-26.680901
0.928,0.15625,-24.835697
1.008,0.15625,-23.569675
1.08,0.15625,-16.1926
1.16,0.15625,-30.896564
1.232,0.15625,-56.80365
1.312,0.15625,-11.20881
1.384,0.15625,-16.669174
1.464,0.15625,-16.476669
1.536,0.15625,-21.290634
1.616,0.15625,-64.823471
1.688,0.15625,-59.489471
1.768,0.15625,-13.387868
1.84,0.15625,-16.222061
1.92,0.15625,-20.256393
1.992,0.15625,-16.027641
2.072,0.15625,-36.415459
2.144,0.15625,-70
2.224,0.15625,-70
2.296,0.15625,-21.336391
2.376,0.15625,-26.276451
2.448,0.15625,-28.751221
2.528,0.15625,-37.59375
2.6,0.15625,-45.189533
2.68,0.15625,-48.403095
2.752,0.15625,-30.852814
2.832,0.15625,-31.967167
2.904,0.15625,-40.31744
2.984,0.15625,-31.633301
0.016,0.34375,-54.102989
0.096,0.34375,-64.416328
0.168,0.34375,-54.935745
0.248,0.34375,-70
0.32,0.34375,-1.6584587
0.4,0.34375,-2.4232168
0.472,0.34375,-15.593722
0.552,0.34375,-20.09127
0.624,0.34375,-70
0.704,0.34375,-19.173035
0.776,0.34375,-35.848656
0.856,0.34375,-23.860832
0.928,0.34375,-26.778412
1.008,0.34375,-21.827656
1.08,0.34375,-32.476124
1.16,0.34375,-46.552998
1.232,0.34375,-70
1.312,0.34375,-0.14052486
1.384,0.34375,-2.7332659
1.464,0.34375,-6.7428465
1.536,0.34375,-18.956455
1.616,0.34375,-58.289902
1.688,0.34375,-53.553833
1.768,0.34375,-13.468503
1.84,0.34375,-11.429751
1.92,0.34375,-4.9579458
1.992,0.34375,-17.129936
2.072,0.34375,-32.275383
2.144,0.34375,-48.058125
2.224,0.34375,-51.276634
2.296,0.34375,-10.664824
2.376,0.34375,-11.823655
2.448,0.34375,-13.410386
2.528,0.34375,-28.623558
2.6,0.34375,-43.220943
2.68,0.34375,-58.622978
2.752,0.34375,-27.486134
2.832,0.34375,-32.455578
2.904,0.34375,-28.362663
2.984,0.34375,-21.08773
0.016,0.5,-53.266304
0.096,0.5,-70
0.168,0.5,-56.953789
0.248,0.5,-58.087006
0.32,0.5,-19.218018
0.4,0.5,-15.463473
0.472,0.5,-28.183575
0.552,0.5,-14.039716
0.624,0.5,-70
0.704,0.5,-18.436184
0.776,0.5,-20.686798
0.856,0.5,-21.709591
0.928,0.5,-23.763878
1.008,0.5,-24.328697
1.08,0.5,-36.019852
1.16,0.5,-40.011429
1.232,0.5,-70
1.312,0.5,-16.142387
1.384,0.5,-10.725305
1.464,0.5,-19.15863
1.536,0.5,-44.968712
1.616,0.5,-47.075287
1.688,0.5,-57.565186
1.768,0.5,-16.802269
1.84,0.5,-14.814183
1.92,0.5,-20.881317
1.992,0.5,-31.726269
2.072,0.5,-63.84803
2.144,0.5,-70
2.224,0.5,-49.868961
2.296,0.5,-1.3211145
2.376,0.5,-2.5339937
2.448,0.5,-8.1573439
2.528,0.5,-21.204151
2.6,0.5,-46.866421
2.68,0.5,-56.796585
2.752,0.5,-25.86985
2.832,0.5,-27.866291
2.904,0.5,-37.832382
2.984,0.5,-21.739128
0.016,0.6875,-64.213799
0.096,0.6875,-70
0.168,0.6875,-66.369148
0.248,0.6875,-38.853325
0.32,0.6875,-56.89286
0.4,0.6875,-46.996117
0.472,0.6875,-70
0.552,0.6875,-52.924141
0.624,0.6875,-70
0.704,0.6875,-32.039967
0.776,0.6875,-42.071686
0.856,0.6875,-36.451981
0.928,0.6875,-40.114944
1.008,0.6875,-40.236149
1.08,0.6875,-49.550549
1.16,0.6875,-63.380699
1.232,0.6875,-70
1.312,0.6875,-22.75602
1.384,0.6875,-29.027153
1.464,0.6875,-27.747246
1.536,0.6875,-70
1.616,0.6875,-53.892464
1.688,0.6875,-50.402931
1.768,0.6875,-22.424732
1.84,0.6875,-45.772305
1.92,0.6875,-44.14473
1.992,0.6875,-42.173058
2.072,0.6875,-70
2.144,0.6875,-66.527504
2.224,0.6875,-56.483444
2.296,0.6875,-19.118484
2.376,0.6875,-34.354202
2.448,0.6875,-27.514591
2.528,0.6875,-56.17968
2.6,0.6875,-68.177185
2.68,0.6875,-65.229645
2.752,0.6875,-21.729671
2.832,0.6875,-39.731857
2.904,0.6875,-41.36179
2.984,0.6875,-56.250404
0.016,0.84375,-68.522285
0.096,0.84375,-70
0.168,0.84375,-40.732414
0.248,0.84375,-59.745972
0.32,0.84375,-46.494965
0.4,0.84375,-55.975204
0.472,0.84375,-70
0.552,0.84375,-55.702019
0.624,0.84375,-70
0.704,0.84375,-67.899513
0.776,0.84375,-50.257545
0.856,0.84375,-40.842201
0.928,0.84375,-51.374275
1.008,0.84375,-63.461586
1.08,0.84375,-67.576347
1.16,0.84375,-70
1.232,0.84375,-70
1.312,0.84375,-37.444092
1.384,0.84375,-32.705917
1.464,0.84375,-25.979935
1.536,0.84375,-70
1.616,0.84375,-46.353035
1.688,0.84375,-46.165359
1.768,0.84375,-39.067238
1.84,0.84375,-61.477119
1.92,0.84375,-60.621292
1.992,0.84375,-61.540123
2.072,0.84375,-63.28054
2.144,0.84375,-56.858696
2.224,0.84375,-68.807297
2.296,0.84375,-18.398514
2.376,0.84375,-37.948372
2.448,0.84375,-34.528175
2.528,0.84375,-70
2.6,0.84375,-64.811951
2.68,0.84375,-70
2.752,0.84375,-38.776054
2.832,0.84375,-44.505699
2.904,0.84375,-51.261269
2.984,0.84375,-70
0.016,1.03125,-58.470421
0.096,1.03125,-70
0.168,1.03125,-54.111885
0.248,1.03125,-65.641396
0.32,1.03125,-46.355076
0.4,1.03125,-69.322121
0.472,1.03125,-62.766197
0.552,1.03125,-27.762066
0.624,1.03125,-70
0.704,1.03125,-61.615097
0.776,1.03125,-30.084595
0.856,1.03125,-33.74744
0.928,1.03125,-51.06134
1.008,1.03125,-55.417488
1.08,1.03125,-70
1.16,1.03125,-68.831581
1.232,1.03125,-70
1.312,1.03125,-24.343407
1.384,1.03125,-50.784981
1.464,1.03125,-67.067131
1.536,1.03125,-70
1.616,1.03125,-45.592876
1.688,1.03125,-55.272415
1.768,1.03125,-43.997463
1.84,1.03125,-68.012573
1.92,1.03125,-60.681206
1.992,1.03125,-58.128273
2.072,1.03125,-70
2.144,1.03125,-59.553894
2.224,1.03125,-65.310371
2.296,1.03125,-48.38575
2.376,1.03125,-44.005394
2.448,1.03125,-58.349564
2.528,1.03125,-70
2.6,1.03125,-69.580353
2.68,1.03125,-63.875603
2.752,1.03125,-36.729568
2.832,1.03125,-24.452312
2.904,1.03125,-40.821362
2.984,1.03125,-53.487427
0.016,1.1875,-61.449387
0.096,1.1875,-70
0.168,1.1875,-45.782169
0.248,1.1875,-62.65834
0.32,1.1875,-57.256371
0.4,1.1875,-60.670944
0.472,1.1875,-55.691216
0.552,1.1875,-57.448021
0.624,1.1875,-70
0.704,1.1875,-61.962204
0.776,1.1875,-58.000702
0.856,1.1875,-35.491753
0.928,1.1875,-46.177841
1.008,1.1875,-50.290009
1.08,1.1875,-47.638798
1.16,1.1875,-70
1.232,1.1875,-70
1.312,1.1875,-11.489522
1.384,1.1875,-43.433998
1.464,1.1875,-70
1.536,1.1875,-70
1.616,1.1875,-40.239128
1.688,1.1875,-54.010033
1.768,1.1875,-30.543476
1.84,1.1875,-66.364639
1.92,1.1875,-47.885689
1.992,1.1875,-70
2.072,1.1875,-70
2.144,1.1875,-70
2.224,1.1875,-38.806076
2.296,1.1875,-42.960678
2.376,1.1875,-59.398689
2.448,1.1875,-23.561016
2.528,1.1875,-45.967289
2.6,1.1875,-62.321541
2.68,1.1875,-59.662453
2.752,1.1875,-38.699654
2.832,1.1875,-13.511134
2.904,1.1875,-31.95755
2.984,1.1875,-54.82
0.016,1.375,-63.824699
0.096,1.375,-66.166771
0.168,1.375,-66.272041
0.248,1.375,-60.028908
0.32,1.375,-39.138657
0.4,1.375,-59.616425
0.472,1.375,-66.199806
0.552,1.375,-61.580254
0.624,1.375,-70
0.704,1.375,-70
0.776,1.375,-47.977718
0.856,1.375,-38.867683
0.928,1.375,-20.503189
1.008,1.375,-48.855682
1.08,1.375,-51.41423
1.16,1.375,-65.22036
1.232,1.375,-55.032242
1.312,1.375,-35.718323
1.384,1.375,-59.226715
1.464,1.375,-49.756081
1.536,1.375,-62.886284
1.616,1.375,-49.835693
1.688,1.375,-55.323494
1.768,1.375,-37.306171
1.84,1.375,-49.45401
1.92,1.375,-57.640404
1.992,1.375,-56.187317
2.072,1.375,-60.727745
2.144,1.375,-56.189041
2.224,1.375,-63.250275
2.296,1.375,-54.59568
2.376,1.375,-51.554268
2.448,1.375,-40.299145
2.528,1.375,-57.309471
2.6,1.375,-70
2.68,1.375,-46.143322
2.752,1.375,-56.98362
2.832,1.375,-16.109486
2.904,1.375,-30.656273
2.984,1.375,-54.621788
0.016,1.53125,-70
0.096,1.53125,-70
0.168,1.53125,-66.138504
0.248,1.53125,-52.8675
0.32,1.53125,-46.042629
0.4,1.53125,-57.070213
0.472,1.53125,-42.271164
0.552,1.53125,-70
0.624,1.53125,-70
0.704,1.53125,-70
0.776,1.53125,-48.558022
0.856,1.53125,-27.303177
0.928,1.53125,-31.305981
1.008,1.53125,-39.639244
1.08,1.53125,-59.468277
1.16,1.53125,-44.184639
1.232,1.53125,-59.037407
1.312,1.53125,-54.749893
1.384,1.53125,-65.477646
1.464,1.53125,-61.242973
1.536,1.53125,-59.100365
1.616,1.53125,-70
1.688,1.53125,-68.686974
1.768,1.53125,-25.029884
1.84,1.53125,-38.450169
1.92,1.53125,-70
1.992,1.53125,-69.686005
2.072,1.53125,-57.880295
2.144,1.53125,-70
2.224,1.53125,-51.985504
2.296,1.53125,-55.120308
2.376,1.53125,-55.47979
2.448,1.53125,-56.822578
2.528,1.53125,-69.743263
2.6,1.53125,-70
2.68,1.53125,-61.046326
2.752,1.53125,-48.035961
2.832,1.53125,-34.601818
2.904,1.53125,-33.97184
2.984,1.53125,-70
0.016,1.6875,-54.772881
0.096,1.6875,-61.612877
0.168,1.6875,-58.242165
0.248,1.6875,-45.756241
0.32,1.6875,-35.871754
0.4,1.6875,-46.794685
0.472,1.6875,-30.089878
0.552,1.6875,-44.397209
0.624,1.6875,-63.496178
0.704,1.6875,-48.58942
0.776,1.6875,-51.070641
0.856,1.6875,-48.737907
0.928,1.6875,-37.368889
1.008,1.6875,-33.909271
1.08,1.6875,-49.593163
1.16,1.6875,-66.09758
1.232,1.6875,-56.778915
1.312,1.6875,-37.695992
1.384,1.6875,-53.766724
1.464,1.6875,-57.102684
1.536,1.6875,-58.097122
1.616,1.6875,-53.356255
1.688,1.6875,-58.279274
1.768,1.6875,-14.302655
1.84,1.6875,-36.320415
1.92,1.6875,-58.393578
1.992,1.6875,-65.638535
2.072,1.6875,-70
2.144,1.6875,-53.281807
2.224,1.6875,-38.967567
2.296,1.6875,-54.100357
2.376,1.6875,-59.814613
2.448,1.6875,-39.60334
2.528,1.6875,-56.075294
2.6,1.6875,-52.492867
2.68,1.6875,-50.601128
2.752,1.6875,-59.137337
2.832,1.6875,-36.731506
2.904,1.6875,-20.85778
2.984,1.6875,-53.604073
0.016,1.875,-54.839546
0.096,1.875,-60.570251
0.168,1.875,-63.196342
0.248,1.875,-44.335144
0.32,1.875,-21.106876
0.4,1.875,-35.610001
0.472,1.875,-30.798302
0.552,1.875,-60.497772
0.624,1.875,-67.058968
0.704,1.875,-56.929581
0.776,1.875,-70
0.856,1.875,-40.330299
0.928,1.875,-25.12719
1.008,1.875,-38.0793
1.08,1.875,-58.230637
1.16,1.875,-39.732437
1.232,1.875,-60.393135
1.312,1.875,-33.085327
1.384,1.875,-61.065651
1.464,1.875,-52.5439
1.536,1.875,-45.114437
1.616,1.875,-61.762741
1.688,1.875,-59.468361
1.768,1.875,-44.530678
1.84,1.875,-24.476978
1.92,1.875,-43.54023
1.992,1.875,-56.474426
2.072,1.875,-46.36108
2.144,1.875,-47.550503
2.224,1.875,-44.788391
2.296,1.875,-50.512627
2.376,1.875,-52.118423
2.448,1.875,-57.95504
2.528,1.875,-57.09436
2.6,1.875,-41.515343
2.68,1.875,-59.338219
2.752,1.875,-60.127815
2.832,1.875,-48.058136
2.904,1.875,-50.31144
2.984,1.875,-32.226959
0.016,2.03125,-70
0.096,2.03125,-63.474495
0.168,2.03125,-70
0.248,2.03125,-51.104073
0.32,2.03125,-15.133628
0.4,2.03125,-21.151634
0.472,2.03125,-35.512039
0.552,2.03125,-55.832489
0.624,2.03125,-70
0.704,2.03125,-53.949669
0.776,2.03125,-48.19455
0.856,2.03125,-40.644764
0.928,2.03125,-29.43203
1.008,2.03125,-55.320282
1.08,2.03125,-64.457947
1.16,2.03125,-45.638985
1.232,2.03125,-70
1.312,2.03125,-43.193413
1.384,2.03125,-57.376648
1.464,2.03125,-59.942574
1.536,2.03125,-64.066628
1.616,2.03125,-64.647346
1.688,2.03125,-51.387939
1.768,2.03125,-40.518616
1.84,2.03125,-33.250114
1.92,2.03125,-37.003601
1.992,2.03125,-33.816296
2.072,2.03125,-69.394569
2.144,2.03125,-70
2.224,2.03125,-69.068954
2.296,2.03125,-53.744156
2.376,2.03125,-55.00972
2.448,2.03125,-51.654541
2.528,2.03125,-57.140961
2.6,2.03125,-56.952866
2.68,2.03125,-48.558308
2.752,2.03125,-52.033104
2.832,2.03125,-40.813072
2.904,2.03125,-39.910019
2.984,2.03125,-36.087719
0.016,2.21875,-54.15995
0.096,2.21875,-47.135376
0.168,2.21875,-67.920738
0.248,2.21875,-68.847954
0.32,2.21875,-41.601685
0.4,2.21875,-38.352184
0.472,2.21875,-45.450054
0.552,2.21875,-64.879707
0.624,2.21875,-43.272709
0.704,2.21875,-46.849613
0.776,2.21875,-44.318329
0.856,2.21875,-48.831284
0.928,2.21875,-62.665108
1.008,2.21875,-53.814384
1.08,2.21875,-53.657356
1.16,2.21875,-63.772545
1.232,2.21875,-63.972855
1.312,2.21875,-54.171349
1.384,2.21875,-65.572784
1.464,2.21875,-42.071976
1.536,2.21875,-54.490875
1.616,2.21875,-59.109108
1.688,2.21875,-70
1.768,2.21875,-44.746193
1.84,2.21875,-47.558365
1.92,2.21875,-52.648537
1.992,2.21875,-50.54332
2.072,2.21875,-56.209831
2.144,2.21875,-48.089012
2.224,2.21875,-64.035225
2.296,2.21875,-46.551132
2.376,2.21875,-70
2.448,2.21875,-60.94323
2.528,2.21875,-64.065659
2.6,2.21875,-49.693558
2.68,2.21875,-52.775581
2.752,2.21875,-65.544228
2.832,2.21875,-53.883003
2.904,2.21875,-56.677406
2.984,2.21875,-44.882961
0.016,2.375,-45.811123
0.096,2.375,-54.876198
0.168,2.375,-55.409752
0.248,2.375,-65.906548
0.32,2.375,-62.264549
0.4,2.375,-31.117611
0.472,2.375,-68.44735
0.552,2.375,-56.469376
0.624,2.375,-63.122185
0.704,2.375,-44.390961
0.776,2.375,-70
0.856,2.375,-70
0.928,2.375,-60.931847
1.008,2.375,-49.983788
1.08,2.375,-68.767036
1.16,2.375,-70
1.232,2.375,-58.986
1.312,2.375,-40.259838
1.384,2.375,-47.40416
1.464,2.375,-51.237076
1.536,2.375,-57.887581
1.616,2.375,-54.581642
1.688,2.375,-52.944992
1.768,2.375,-49.291542
1.84,2.375,-35.957493
1.92,2.375,-53.836647
1.992,2.375,-64.186241
2.072,2.375,-52.577431
2.144,2.375,-65.281731
2.224,2.375,-58.51339
2.296,2.375,-47.215366
2.376,2.375,-41.550453
2.448,2.375,-46.328835
2.528,2.375,-70
2.6,2.375,-67.915474
2.68,2.375,-58.358871
2.752,2.375,-63.059647
2.832,2.375,-52.118294
2.904,2.375,-34.432343
2.984,2.375,-55.749306
0.016,2.5625,-56.291374
0.096,2.5625,-52.04818
0.168,2.5625,-70
0.248,2.5625,-55.190384
0.32,2.5625,-46.772839
0.4,2.5625,-19.256111
0.472,2.5625,-39.633003
0.552,2.5625,-48.173912
0.624,2.5625,-70
0.704,2.5625,-56.596146
0.776,2.5625,-70
0.856,2.5625,-49.287918
0.928,2.5625,-58.536385
1.008,2.5625,-56.548088
1.08,2.5625,-54.063934
1.16,2.5625,-50.498062
1.232,2.5625,-52.208107
1.312,2.5625,-34.095009
1.384,2.5625,-34.511177
1.464,2.5625,-53.596313
1.536,2.5625,-67.290138
1.616,2.5625,-53.236618
1.688,2.5625,-46.355507
1.768,2.5625,-27.456699
1.84,2.5625,-31.175861
1.92,2.5625,-49.043358
1.992,2.5625,-46.343971
2.072,2.5625,-45.44817
2.144,2.5625,-68.215523
2.224,2.5625,-48.883991
2.296,2.5625,-38.026703
2.376,2.5625,-35.54525
2.448,2.5625,-70
2.528,2.5625,-70
2.6,2.5625,-70
2.68,2.5625,-69.745735
2.752,2.5625,-42.255573
2.832,2.5625,-22.381626
2.904,2.5625,-43.103619
2.984,2.5625,-53.045212
0.016,2.71875,-51.960342
0.096,2.71875,-70
0.168,2.71875,-50.654213
0.248,2.71875,-65.144234
0.32,2.71875,-27.179218
0.4,2.71875,-26.656712
0.472,2.71875,-42.283768
0.552,2.71875,-56.887833
0.624,2.71875,-54.312866
0.704,2.71875,-52.913483
0.776,2.71875,-46.944382
0.856,2.71875,-54.636513
0.928,2.71875,-45.846718
1.008,2.71875,-42.467999
1.08,2.71875,-45.563946
1.16,2.71875,-41.618294
1.232,2.71875,-64.547829
1.312,2.71875,-32.468025
1.384,2.71875,-36.993488
1.464,2.71875,-46.936005
1.536,2.71875,-61.570435
1.616,2.71875,-60.463234
1.688,2.71875,-56.816597
1.768,2.71875,-35.089054
1.84,2.71875,-33.811451
1.92,2.71875,-39.179832
1.992,2.71875,-42.055946
2.072,2.71875,-44.689426
2.144,2.71875,-57.785118
2.224,2.71875,-58.022125
2.296,2.71875,-34.020218
2.376,2.71875,-58.993713
2.448,2.71875,-47.095127
2.528,2.71875,-63.001472
2.6,2.71875,-41.618286
2.68,2.71875,-59.649841
2.752,2.71875,-50.48513
2.832,2.71875,-70
2.904,2.71875,-46.879269
2.984,2.71875,-38.679779
0.016,2.90625,-61.622581
0.096,2.90625,-43.785118
0.168,2.90625,-47.953812
0.248,2.90625,-43.093315
0.32,2.90625,-47.896957
0.4,2.90625,-24.573627
0.472,2.90625,-48.110062
0.552,2.90625,-53.21846
0.624,2.90625,-46.250923
0.704,2.90625,-70
0.776,2.90625,-56.298721
0.856,2.90625,-45.770187
0.928,2.90625,-66.274498
1.008,2.90625,-46.582375
1.08,2.90625,-64.674675
1.16,2.90625,-46.60458
1.232,2.90625,-53.7481
1.312,2.90625,-27.068481
1.384,2.90625,-25.593319
1.464,2.90625,-51.055492
1.536,2.90625,-56.712997
1.616,2.90625,-37.091499
1.688,2.90625,-55.134796
1.768,2.90625,-35.624805
1.84,2.90625,-40.797276
1.92,2.90625,-39.629669
1.992,2.90625,-56.374382
2.072,2.90625,-64.413025
2.144,2.90625,-67.764313
2.224,2.90625,-47.625389
2.296,2.90625,-34.389984
2.376,2.90625,-65.920242
2.448,2.90625,-51.873596
2.528,2.90625,-56.290413
2.6,2.90625,-67.612129
2.68,2.90625,-56.435677
2.752,2.90625,-53.968071
2.832,2.90625,-42.272953
2.904,2.90625,-62.98159
2.984,2.90625,-65.376923
0.016,3.0625,-56.476555
0.096,3.0625,-70
0.168,3.0625,-59.288589
0.248,3.0625,-42.241169
0.32,3.0625,-33.470325
0.4,3.0625,-26.103909
0.472,3.0625,-56.200439
0.552,3.0625,-43.558521
0.624,3.0625,-61.998947
0.704,3.0625,-61.72728
0.776,3.0625,-52.902351
0.856,3.0625,-38.884544
0.928,3.0625,-44.609451
1.008,3.0625,-52.172134
1.08,3.0625,-48.336124
1.16,3.0625,-61.582039
1.232,3.0625,-47.881207
1.312,3.0625,-23.49855
1.384,3.0625,-18.589497
1.464,3.0625,-48.641289
1.536,3.0625,-62.139137
1.616,3.0625,-51.133484
1.688,3.0625,-44.059505
1.768,3.0625,-32.563442
1.84,3.0625,-43.615753
1.92,3.0625,-34.569393
1.992,3.0625,-70
2.072,3.0625,-70
2.144,3.0625,-49.493679
2.224,3.0625,-70
2.296,3.0625,-24.870953
2.376,3.0625,-43.920097
2.448,3.0625,-67.847313
2.528,3.0625,-55.129097
2.6,3.0625,-70
2.68,3.0625,-56.963928
2.752,3.0625,-54.102219
2.832,3.0625,-42.917091
2.904,3.0625,-65.779999
2.984,3.0625,-51.263184
0.016,3.21875,-49.311657
0.096,3.21875,-47.676964
0.168,3.21875,-42.374825
0.248,3.21875,-61.464104
0.32,3.21875,-30.300514
0.4,3.21875,-24.626339
0.472,3.21875,-63.475716
0.552,3.21875,-56.010826
0.624,3.21875,-56.327522
0.704,3.21875,-70
0.776,3.21875,-67.349571
0.856,3.21875,-51.138031
0.928,3.21875,-57.96933
1.008,3.21875,-55.058578
1.08,3.21875,-70
1.16,3.21875,-65.240173
1.232,3.21875,-70
1.312,3.21875,-25.863834
1.384,3.21875,-42.625038
1.464,3.21875,-40.913986
1.536,3.21875,-62.584518
1.616,3.21875,-60.003502
1.688,3.21875,-56.952293
1.768,3.21875,-35.723114
1.84,3.21875,-41.958076
1.92,3.21875,-27.95327
1.992,3.21875,-55.092171
2.072,3.21875,-53.774338
2.144,3.21875,-70
2.224,3.21875,-56.303185
2.296,3.21875,-37.479916
2.376,3.21875,-43.948307
2.448,3.21875,-51.435646
2.528,3.21875,-53.783882
2.6,3.21875,-62.358658
2.68,3.21875,-63.249367
2.752,3.21875,-62.192886
2.832,3.21875,-46.38974
2.904,3.21875,-49.18013
2.984,3.21875,-57.931137
0.016,3.40625,-64.749138
0.096,3.40625,-65.142624
0.168,3.40625,-70
0.248,3.40625,-61.578239
0.32,3.40625,-23.586716
0.4,3.40625,-26.17469
0.472,3.40625,-61.094498
0.552,3.40625,-70
0.624,3.40625,-70
0.704,3.40625,-57.263565
0.776,3.40625,-62.265327
0.856,3.40625,-39.79055
0.928,3.40625,-42.837151
1.008,3.40625,-54.497231
1.08,3.40625,-60.746033
1.16,3.40625,-69.781921
1.232,3.40625,-52.762024
1.312,3.40625,-37.241646
1.384,3.40625,-50.171303
1.464,3.40625,-58.269234
1.536,3.40625,-50.734219
1.616,3.40625,-52.256287
1.688,3.40625,-51.267677
1.768,3.40625,-17.528114
1.84,3.40625,-41.784622
1.92,3.40625,-25.914898
1.992,3.40625,-38.836285
2.072,3.40625,-51.830894
2.144,3.40625,-52.33712
2.224,3.40625,-43.049347
2.296,3.40625,-53.122627
2.376,3.40625,-52.615387
2.448,3.40625,-53.96936
2.528,3.40625,-56.331436
2.6,3.40625,-47.372154
2.68,3.40625,-43.965416
2.752,3.40625,-41.82053
2.832,3.40625,-37.052254
2.904,3.40625,-40.62928
2.984,3.40625,-40.259529
0.016,3.5625,-48.63533
0.096,3.5625,-55.649223
0.168,3.5625,-40.327164
0.248,3.5625,-70
0.32,3.5625,-27.940769
0.4,3.5625,-32.02219
0.472,3.5625,-52.843727
0.552,3.5625,-70
0.624,3.5625,-51.780014
0.704,3.5625,-57.090691
0.776,3.5625,-45.458775
0.856,3.5625,-50.121788
0.928,3.5625,-36.242561
1.008,3.5625,-53.133698
1.08,3.5625,-61.573784
1.16,3.5625,-70
1.232,3.5625,-70
1.312,3.5625,-49.501144
1.384,3.5625,-46.056442
1.464,3.5625,-62.132202
1.536,3.5625,-59.767738
1.616,3.5625,-54.018219
1.688,3.5625,-51.605461
1.768,3.5625,-31.947906
1.84,3.5625,-46.738316
1.92,3.5625,-39.229568
1.992,3.5625,-70
2.072,3.5625,-48.781887
2.144,3.5625,-60.840256
2.224,3.5625,-65.90625
2.296,3.5625,-44.467346
2.376,3.5625,-55.947372
2.448,3.5625,-68.483482
2.528,3.5625,-69.181244
2.6,3.5625,-70
2.68,3.5625,-42.83815
2.752,3.5625,-48.186855
2.832,3.5625,-44.995075
2.904,3.5625,-47.003143
2.984,3.5625,-58.752327
0.016,3.75,-58.951561
0.096,3.75,-46.115269
0.168,3.75,-66.400673
0.248,3.75,-69.556297
0.32,3.75,-42.568642
0.4,3.75,-56.603745
0.472,3.75,-56.940392
0.552,3.75,-61.710472
0.624,3.75,-70
0.704,3.75,-57.970024
0.776,3.75,-54.736496
0.856,3.75,-70
0.928,3.75,-59.067131
1.008,3.75,-58.688057
1.08,3.75,-57.665054
1.16,3.75,-66.797943
1.232,3.75,-68.332336
1.312,3.75,-63.457031
1.384,3.75,-44.47575
1.464,3.75,-64.348381
1.536,3.75,-70
1.616,3.75,-51.518967
1.688,3.75,-58.529137
1.768,3.75,-45.732605
1.84,3.75,-48.034172
1.92,3.75,-44.843719
1.992,3.75,-54.850502
2.072,3.75,-49.610649
2.144,3.75,-58.148293
2.224,3.75,-49.691719
2.296,3.75,-47.293549
2.376,3.75,-70
2.448,3.75,-45.153183
2.528,3.75,-55.588661
2.6,3.75,-65.133354
2.68,3.75,-59.346947
2.752,3.75,-38.99464
2.832,3.75,-42.184029
2.904,3.75,-39.799133
2.984,3.75,-52.940132
0.016,3.90625,-57.243706
0.096,3.90625,-59.362434
0.168,3.90625,-56.985229
0.248,3.90625,-48.418941
0.32,3.90625,-70
0.4,3.90625,-70
0.472,3.90625,-70
0.552,3.90625,-55.352303
0.624,3.90625,-48.077507
0.704,3.90625,-55.695328
0.776,3.90625,-70
0.856,3.90625,-70
0.928,3.90625,-48.144272
1.008,3.90625,-62.520988
1.08,3.90625,-59.744164
1.16,3.90625,-57.882874
1.232,3.90625,-54.656822
1.312,3.90625,-68.428368
1.384,3.90625,-70
1.464,3.90625,-70
1.536,3.90625,-70
1.616,3.90625,-70
1.688,3.90625,-57.595284
1.768,3.90625,-50.523338
1.84,3.90625,-48.154205
1.92,3.90625,-70
1.992,3.90625,-54.831451
2.072,3.90625,-63.35334
2.144,3.90625,-67.357178
2.224,3.90625,-59.383476
2.296,3.90625,-49.186066
2.376,3.90625,-44.636425
2.448,3.90625,-70
2.528,3.90625,-62.179207
2.6,3.90625,-70
2.68,3.90625,-45.38192
2.752,3.90625,-58.85215
2.832,3.90625,-59.649437
2.904,3.90625,-67.286804
2.984,3.90625,-69.852753
0.016,4.09375,-61.657806
0.096,4.09375,-51.588623
0.168,4.09375,-70
0.248,4.09375,-44.559006
0.32,4.09375,-50.075844
0.4,4.09375,-62.187592
0.472,4.09375,-47.283951
0.552,4.09375,-44.05423
0.624,4.09375,-36.109737
0.704,4.09375,-70
0.776,4.09375,-46.354351
0.856,4.09375,-63.616234
0.928,4.09375,-52.390579
1.008,4.09375,-48.453617
1.08,4.09375,-62.782639
1.16,4.09375,-45.560852
1.232,4.09375,-51.878105
1.312,4.09375,-42.135471
1.384,4.09375,-54.578621
1.464,4.09375,-44.188698
1.536,4.09375,-47.452084
1.616,4.09375,-70
1.688,4.09375,-44.091267
1.768,4.09375,-59.303307
1.84,4.09375,-55.169067
1.92,4.09375,-46.731995
1.992,4.09375,-46.189228
2.072,4.09375,-50.495499
2.144,4.09375,-51.396339
2.224,4.09375,-47.340321
2.296,4.09375,-54.082855
2.376,4.09375,-69.153145
2.448,4.09375,-50.739933
2.528,4.09375,-58.770119
2.6,4.09375,-53.688026
2.68,4.09375,-44.815327
2.752,4.09375,-56.037758
2.832,4.09375,-58.241325
2.904,4.09375,-49.540977
2.984,4.09375,-58.241379
0.016,4.25,-54.145515
0.096,4.25,-68.643135
0.168,4.25,-56.483452
0.248,4.25,-70
0.32,4.25,-54.702309
0.4,4.25,-39.391254
0.472,4.25,-41.706902
0.552,4.25,-69.298813
0.624,4.25,-67.857735
0.704,4.25,-51.699188
0.776,4.25,-50.095009
0.856,4.25,-42.83424
0.928,4.25,-50.382008
1.008,4.25,-44.820934
1.08,4.25,-62.183784
1.16,4.25,-68.120003
1.232,4.25,-54.73233
1.312,4.25,-62.987221
1.384,4.25,-57.179688
1.464,4.25,-58.941963
1.536,4.25,-47.604366
1.616,4.25,-56.040581
1.688,4.25,-41.585396
1.768,4.25,-43.037521
1.84,4.25,-42.318344
1.92,4.25,-45.290649
1.992,4.25,-51.326706
2.072,4.25,-54.807274
2.144,4.25,-60.627487
2.224,4.25,-56.936523
2.296,4.25,-46.024193
2.376,4.25,-57.138832
2.448,4.25,-59.824593
2.528,4.25,-39.882854
2.6,4.25,-65.231651
2.68,4.25,-70
2.752,4.25,-58.509705
2.832,4.25,-54.589447
2.904,4.25,-70
2.984,4.25,-62.227272
0.016,4.4375,-53.304115
0.096,4.4375,-60.682137
0.168,4.4375,-51.847092
0.248,4.4375,-66.347328
0.32,4.4375,-63.144043
0.4,4.4375,-45.417118
0.472,4.4375,-40.776295
0.552,4.4375,-62.575012
0.624,4.4375,-48.025909
0.704,4.4375,-51.222549
0.776,4.4375,-46.106674
0.856,4.4375,-57.902458
0.928,4.4375,-43.684673
1.008,4.4375,-38.611927
1.08,4.4375,-39.925194
1.16,4.4375,-49.696968
1.232,4.4375,-55.860069
1.312,4.4375,-70
1.384,4.4375,-52.184135
1.464,4.4375,-70
1.536,4.4375,-43.877033
1.616,4.4375,-68.04821
1.688,4.4375,-53.374451
1.768,4.4375,-45.825401
1.84,4.4375,-54.809174
1.92,4.4375,-50.235146
1.992,4.4375,-70
2.072,4.4375,-51.371223
2.144,4.4375,-52.369057
2.224,4.4375,-56.581902
2.296,4.4375,-55.330582
2.376,4.4375,-50.114487
2.448,4.4375,-62.215012
2.528,4.4375,-44.948101
2.6,4.4375,-62.676186
2.68,4.4375,-59.7659
2.752,4.4375,-68.02684
2.832,4.4375,-46.60038
2.904,4.4375,-52.125137
2.984,4.4375,-63.346588
0.016,4.59375,-47.150337
0.096,4.59375,-57.342201
0.168,4.59375,-66.141785
0.248,4.59375,-47.983875
0.32,4.59375,-61.180237
0.4,4.59375,-55.097443
0.472,4.59375,-58.419975
0.552,4.59375,-58.196861
0.624,4.59375,-44.321075
0.704,4.59375,-67.267738
0.776,4.59375,-61.867523
0.856,4.59375,-56.449715
0.928,4.59375,-61.637604
1.008,4.59375,-61.116676
1.08,4.59375,-62.070312
1.16,4.59375,-59.68631
1.232,4.59375,-57.565903
1.312,4.59375,-40.679745
1.384,4.59375,-53.988884
1.464,4.59375,-58.83091
1.536,4.59375,-62.664482
1.616,4.59375,-67.087387
1.688,4.59375,-70
1.768,4.59375,-67.572746
1.84,4.59375,-65.988281
1.92,4.59375,-60.952133
1.992,4.59375,-63.817429
2.072,4.59375,-70
2.144,4.59375,-70
2.224,4.59375,-50.627945
2.296,4.59375,-64.955513
2.376,4.59375,-70
2.448,4.59375,-56.921288
2.528,4.59375,-70
2.6,4.59375,-70
2.68,4.59375,-57.804604
2.752,4.59375,-70
2.832,4.59375,-46.445084
2.904,4.59375,-70
2.984,4.59375,-64.0877
0.016,4.78125,-43.10537
0.096,4.78125,-69.156654
0.168,4.78125,-46.785007
0.248,4.78125,-61.278831
0.32,4.78125,-58.531372
0.4,4.78125,-40.837318
0.472,4.78125,-65.994423
0.552,4.78125,-45.467075
0.624,4.78125,-68.460205
0.704,4.78125,-68.493156
0.776,4.78125,-56.912361
0.856,4.78125,-57.598549
0.928,4.78125,-66.685661
1.008,4.78125,-37.273716
1.08,4.78125,-55.726402
1.16,4.78125,-66.165878
1.232,4.78125,-50.421124
1.312,4.78125,-66.217842
1.384,4.78125,-61.408234
1.464,4.78125,-52.360641
1.536,4.78125,-67.481148
1.616,4.78125,-47.152996
1.688,4.78125,-58.253349
1.768,4.78125,-39.294964
1.84,4.78125,-55.044411
1.92,4.78125,-45.900402
1.992,4.78125,-69.642021
2.072,4.78125,-64.403976
2.144,4.78125,-47.727104
2.224,4.78125,-64.498901
2.296,4.78125,-70
2.376,4.78125,-69.685844
2.448,4.78125,-61.803055
2.528,4.78125,-64.069962
2.6,4.78125,-60.025513
2.68,4.78125,-70
2.752,4.78125,-60.024002
2.832,4.78125,-59.52285
2.904,4.78125,-57.700615
2.984,4.78125,-61.789192
0.016,4.9375,-70
0.096,4.9375,-58.093597
0.168,4.9375,-60.757507
0.248,4.9375,-59.895622
0.32,4.9375,-41.792809
0.4,4.9375,-57.114349
0.472,4.9375,-40.536961
0.552,4.9375,-46.40461
0.624,4.9375,-63.190865
0.704,4.9375,-59.887177
0.776,4.9375,-58.346626
0.856,4.9375,-70
0.928,4.9375,-50.040222
1.008,4.9375,-55.593391
1.08,4.9375,-54.923462
1.16,4.9375,-58.926796
1.232,4.9375,-66.040749
1.312,4.9375,-56.56797
1.384,4.9375,-62.046326
1.464,4.9375,-41.485916
1.536,4.9375,-57.536346
1.616,4.9375,-50.691879
1.688,4.9375,-48.719326
1.768,4.9375,-59.763275
1.84,4.9375,-46.257587
1.92,4.9375,-58.215584
1.992,4.9375,-62.016808
2.072,4.9375,-43.984192
2.144,4.9375,-48.858509
2.224,4.9375,-57.718208
2.296,4.9375,-46.748581
2.376,4.9375,-54.15873
2.448,4.9375,-52.638916
2.528,4.9375,-56.7631
2.6,4.9375,-42.500195
2.68,4.9375,-48.807198
2.752,4.9375,-57.689125
2.832,4.9375,-59.855141
2.904,4.9375,-51.090698
2.984,4.9375,-70
0.016,5.09375,-42.75375
0.096,5.09375,-57.132545
0.168,5.09375,-55.698982
0.248,5.09375,-56.652054
0.32,5.09375,-51.739906
0.4,5.09375,-70
0.472,5.09375,-58.299355
0.552,5.09375,-46.690784
0.624,5.09375,-62.49015
0.704,5.09375,-47.568016
0.776,5.09375,-46.362671
0.856,5.09375,-45.592415
0.928,5.09375,-50.866638
1.008,5.09375,-50.58102
1.08,5.09375,-37.25922
1.16,5.09375,-49.080124
1.232,5.09375,-52.476395
1.312,5.09375,-49.400997
1.384,5.09375,-62.670303
1.464,5.09375,-51.997025
1.536,5.09375,-66.631615
1.616,5.09375,-44.35902
1.688,5.09375,-64.767815
1.768,5.09375,-52.642052
1.84,5.09375,-57.27787
1.92,5.09375,-64.832428
1.992,5.09375,-52.975578
2.072,5.09375,-62.422256
2.144,5.09375,-66.333015
2.224,5.09375,-48.607475
2.296,5.09375,-58.44886
2.376,5.09375,-54.484352
2.448,5.09375,-55.290497
2.528,5.09375,-46.808167
2.6,5.09375,-64.353691
2.68,5.09375,-58.736824
2.752,5.09375,-51.031166
2.832,5.09375,-69.648064
2.904,5.09375,-49.773499
2.984,5.09375,-65.964302
0.016,5.28125,-60.847466
0.096,5.28125,-63.515862
0.168,5.28125,-70
0.248,5.28125,-53.686348
0.32,5.28125,-67.948654
0.4,5.28125,-45.999786
0.472,5.28125,-66.700409
0.552,5.28125,-40.901062
0.624,5.28125,-60.796913
0.704,5.28125,-69.563263
0.776,5.28125,-45.685852
0.856,5.28125,-45.745548
0.928,5.28125,-64.762581
1.008,5.28125,-61.767677
1.08,5.28125,-68.016403
1.16,5.28125,-43.500477
1.232,5.28125,-60.451385
1.312,5.28125,-59.829224
1.384,5.28125,-65.725876
1.464,5.28125,-70
1.536,5.28125,-58.581474
1.616,5.28125,-44.554562
1.688,5.28125,-60.937729
1.768,5.28125,-61.748062
1.84,5.28125,-68.933418
1.92,5.28125,-45.130768
1.992,5.28125,-70
2.072,5.28125,-70
2.144,5.28125,-55.009483
2.224,5.28125,-46.663303
2.296,5.28125,-50.325119
2.376,5.28125,-70
2.448,5.28125,-65.185593
2.528,5.28125,-53.118996
2.6,5.28125,-60.60952
2.68,5.28125,-45.289314
2.752,5.28125,-59.576912
2.832,5.28125,-42.603424
2.904,5.28125,-70
2.984,5.28125,-70
0.016,5.4375,-56.696693
0.096,5.4375,-67.95623
0.168,5.4375,-64.233162
0.248,5.4375,-46.128525
0.32,5.4375,-62.506859
0.4,5.4375,-44.59808
0.472,5.4375,-40.299915
0.552,5.4375,-57.272087
0.624,5.4375,-60.296509
0.704,5.4375,-67.108231
0.776,5.4375,-38.850819
0.856,5.4375,-53.74662
0.928,5.4375,-44.910164
1.008,5.4375,-63.673576
1.08,5.4375,-42.599087
1.16,5.4375,-54.162582
1.232,5.4375,-41.419865
1.312,5.4375,-54.820435
1.384,5.4375,-47.006424
1.464,5.4375,-70
1.536,5.4375,-51.606453
1.616,5.4375,-65.412834
1.688,5.4375,-41.722721
1.768,5.4375,-69.285126
1.84,5.4375,-68.242027
1.92,5.4375,-70
1.992,5.4375,-45.18055
2.072,5.4375,-70
2.144,5.4375,-57.5765
2.224,5.4375,-47.382912
2.296,5.4375,-54.043991
2.376,5.4375,-44.835926
2.448,5.4375,-65.265717
2.528,5.4375,-52.765297
2.6,5.4375,-42.262169
2.68,5.4375,-69.589668
2.752,5.4375,-41.806202
2.832,5.4375,-50.070885
2.904,5.4375,-65.346115
2.984,5.4375,-70
0.016,5.625,-36.013645
0.096,5.625,-59.543114
0.168,5.625,-70
0.248,5.625,-46.028347
0.32,5.625,-53.137695
0.4,5.625,-56.265106
0.472,5.625,-64.002274
0.552,5.625,-63.347427
0.624,5.625,-51.585182
0.704,5.625,-40.247574
0.776,5.625,-52.836502
0.856,5.625,-70
0.928,5.625,-59.233711
1.008,5.625,-56.772789
1.08,5.625,-46.120564
1.16,5.625,-51.110756
1.232,5.625,-43.06559
1.312,5.625,-70
1.384,5.625,-51.602654
1.464,5.625,-61.874992
1.536,5.625,-57.52755
1.616,5.625,-62.727882
1.688,5.625,-70
1.768,5.625,-61.264145
1.84,5.625,-67.896843
1.92,5.625,-48.028801
1.992,5.625,-53.781006
2.072,5.625,-60.462395
2.144,5.625,-46.376862
2.224,5.625,-70
2.296,5.625,-50.727684
2.376,5.625,-57.590111
2.448,5.625,-49.506989
2.528,5.625,-59.199867
2.6,5.625,-49.851257
2.68,5.625,-40.757622
2.752,5.625,-42.839935
2.832,5.625,-61.220352
2.904,5.625,-52.702751
2.984,5.625,-67.13105
0.016,5.78125,-36.713848
0.096,5.78125,-54.315895
0.168,5.78125,-66.249504
0.248,5.78125,-50.590981
0.32,5.78125,-43.235935
0.4,5.78125,-62.626816
0.472,5.78125,-55.274986
0.552,5.78125,-61.674759
0.624,5.78125,-67.935524
0.704,5.78125,-47.28698
0.776,5.78125,-43.916901
0.856,5.78125,-67.086029
0.928,5.78125,-54.145912
1.008,5.78125,-40.647957
1.08,5.78125,-56.108223
1.16,5.78125,-50.723824
1.232,5.78125,-56.933937
1.312,5.78125,-45.770641
1.384,5.78125,-61.89016
1.464,5.78125,-49.284775
1.536,5.78125,-62.140549
1.616,5.78125,-57.025932
1.688,5.78125,-61.379906
1.768,5.78125,-55.402802
1.84,5.78125,-59.631325
1.92,5.78125,-57.740021
1.992,5.78125,-51.408607
2.072,5.78125,-49.309982
2.144,5.78125,-70
2.224,5.78125,-48.440094
2.296,5.78125,-54.8666
2.376,5.78125,-70
2.448,5.78125,-67.002594
2.528,5.78125,-52.864937
2.6,5.78125,-70
2.68,5.78125,-70
2.752,5.78125,-58.000053
2.832,5.78125,-67.063454
2.904,5.78125,-68.530785
2.984,5.78125,-68.692513
0.016,5.96875,-53.291481
0.096,5.96875,-55.059944
0.168,5.96875,-44.200546
0.248,5.96875,-70
0.32,5.96875,-41.31081
0.4,5.96875,-41.031677
0.472,5.96875,-53.836334
0.552,5.96875,-59.938683
0.624,5.96875,-60.371613
0.704,5.96875,-61.996315
0.776,5.96875,-60.827003
0.856,5.96875,-36.052879
0.928,5.96875,-40.409561
1.008,5.96875,-70
1.08,5.96875,-44.593231
1.16,5.96875,-48.280479
1.232,5.96875,-49.106865
1.312,5.96875,-61.023552
1.384,5.96875,-51.399757
1.464,5.96875,-44.716297
1.536,5.96875,-57.734245
1.616,5.96875,-48.130436
1.688,5.96875,-70
1.768,5.96875,-59.181557
1.84,5.96875,-51.921577
1.92,5.96875,-47.553818
1.992,5.96875,-66.697128
2.072,5.96875,-36.879524
2.144,5.96875,-65.426476
2.224,5.96875,-66.887566
2.296,5.96875,-40.529762
2.376,5.96875,-46.320568
2.448,5.96875,-61.675827
2.528,5.96875,-42.205811
2.6,5.96875,-50.7612
2.68,5.96875,-58.53653
2.752,5.96875,-63.846863
2.832,5.96875,-47.120758
2.904,5.96875,-68.398712
2.984,5.96875,-46.622215
0.016,6.125,-51.902504
0.096,6.125,-65.753937
0.168,6.125,-61.151848
0.248,6.125,-52.187843
0.32,6.125,-35.174408
0.4,6.125,-62.444702
0.472,6.125,-70
0.552,6.125,-43.603443
0.624,6.125,-70
0.704,6.125,-67.33474
0.776,6.125,-65.49247
0.856,6.125,-42.302811
0.928,6.125,-59.190727
1.008,6.125,-70
1.08,6.125,-70
1.16,6.125,-60.653778
1.232,6.125,-70
1.312,6.125,-70
1.384,6.125,-52.303246
1.464,6.125,-70
1.536,6.125,-60.672119
1.616,6.125,-68.293785
1.688,6.125,-50.344486
1.768,6.125,-52.884079
1.84,6.125,-69.627274
1.92,6.125,-65.890572
1.992,6.125,-45.358894
2.072,6.125,-57.997231
2.144,6.125,-59.061195
2.224,6.125,-62.820107
2.296,6.125,-70
2.376,6.125,-56.651718
2.448,6.125,-70
2.528,6.125,-62.150452
2.6,6.125,-50.222343
2.68,6.125,-51.289742
2.752,6.125,-70
2.832,6.125,-70
2.904,6.125,-66.186707
2.984,6.125,-53.207787
0.016,6.3125,-52.094223
0.096,6.3125,-51.140396
0.168,6.3125,-46.977173
0.248,6.3125,-54.451096
0.32,6.3125,-47.118458
0.4,6.3125,-67.917526
0.472,6.3125,-67.983093
0.552,6.3125,-65.694931
0.624,6.3125,-38.933071
0.704,6.3125,-46.660515
0.776,6.3125,-40.41737
0.856,6.3125,-56.307785
0.928,6.3125,-52.048676
1.008,6.3125,-60.985054
1.08,6.3125,-50.864929
1.16,6.3125,-70
1.232,6.3125,-63.627197
1.312,6.3125,-60.384033
1.384,6.3125,-47.759644
1.464,6.3125,-55.550926
1.536,6.3125,-70
1.616,6.3125,-52.111382
1.688,6.3125,-54.415291
1.768,6.3125,-70
1.84,6.3125,-45.489521
1.92,6.3125,-69.059792
1.992,6.3125,-70
2.072,6.3125,-56.545425
2.144,6.3125,-58.642113
2.224,6.3125,-38.238625
2.296,6.3125,-50.17197
2.376,6.3125,-70
2.448,6.3125,-57.314377
2.528,6.3125,-69.023323
2.6,6.3125,-70
2.68,6.3125,-68.278122
2.752,6.3125,-70
2.832,6.3125,-63.463692
2.904,6.3125,-70
2.984,6.3125,-69.726677
0.016,6.46875,-51.179985
0.096,6.46875,-49.310165
0.168,6.46875,-49.792213
0.248,6.46875,-50.285645
0.32,6.46875,-50.620354
0.4,6.46875,-60.313942
0.472,6.46875,-55.409317
0.552,6.46875,-53.00695
0.624,6.46875,-40.341553
0.704,6.46875,-65.954063
0.776,6.46875,-44.057774
0.856,6.46875,-48.491024
0.928,6.46875,-52.251144
1.008,6.46875,-60.508881
1.08,6.46875,-70
1.16,6.46875,-61.436646
1.232,6.46875,-61.972603
1.312,6.46875,-61.175858
1.384,6.46875,-41.468063
1.464,6.46875,-45.388569
1.536,6.46875,-58.045837
1.616,6.46875,-70
1.688,6.46875,-70
1.768,6.46875,-54.358612
1.84,6.46875,-53.981926
1.92,6.46875,-67.263618
1.992,6.46875,-47.656456
2.072,6.46875,-42.135769
2.144,6.46875,-54.722282
2.224,6.46875,-64.266647
2.296,6.46875,-45.515678
2.376,6.46875,-55.229324
2.448,6.46875,-45.716747
2.528,6.46875,-70
2.6,6.46875,-45.127277
2.68,6.46875,-48.529736
2.752,6.46875,-45.244072
2.832,6.46875,-63.120979
2.904,6.46875,-51.074924
2.984,6.46875,-63.74543
0.016,6.625,-52.548058
0.096,6.625,-49.570518
0.168,6.625,-52.321823
0.248,6.625,-50.678932
0.32,6.625,-61.409584
0.4,6.625,-42.966843
0.472,6.625,-57.729561
0.552,6.625,-60.904205
0.624,6.625,-70
0.704,6.625,-60.522209
0.776,6.625,-64.604523
0.856,6.625,-49.110138
0.928,6.625,-54.764404
1.008,6.625,-53.927063
1.08,6.625,-54.560593
1.16,6.625,-47.132431
1.232,6.625,-33.587265
1.312,6.625,-70
1.384,6.625,-44.417953
1.464,6.625,-44.176811
1.536,6.625,-43.755333
1.616,6.625,-51.311066
1.688,6.625,-58.029892
1.768,6.625,-59.905334
1.84,6.625,-45.692184
1.92,6.625,-44.502686
1.992,6.625,-60.984352
2.072,6.625,-51.446342
2.144,6.625,-56.522926
2.224,6.625,-70
2.296,6.625,-70
2.376,6.625,-46.691929
2.448,6.625,-60.595634
2.528,6.625,-52.146439
2.6,6.625,-59.507912
2.68,6.625,-48.378166
2.752,6.625,-65.844795
2.832,6.625,-70
2.904,6.625,-42.321632
2.984,6.625,-70
0.016,6.8125,-64.828667
0.096,6.8125,-62.193939
0.168,6.8125,-53.640945
0.248,6.8125,-57.932831
0.32,6.8125,-57.427177
0.4,6.8125,-59.444916
0.472,6.8125,-70
0.552,6.8125,-45.635342
0.624,6.8125,-61.493271
0.704,6.8125,-70
0.776,6.8125,-39.160522
0.856,6.8125,-70
0.928,6.8125,-40.721668
1.008,6.8125,-33.509384
1.08,6.8125,-55.265083
1.16,6.8125,-54.902756
1.232,6.8125,-51.623047
1.312,6.8125,-70
1.384,6.8125,-49.78619
1.464,6.8125,-58.30909
1.536,6.8125,-51.752815
1.616,6.8125,-70
1.688,6.8125,-49.800705
1.768,6.8125,-46.20689
1.84,6.8125,-60.244896
1.92,6.8125,-53.023781
1.992,6.8125,-58.994606
2.072,6.8125,-44.836845
2.144,6.8125,-57.055176
2.224,6.8125,-46.723846
2.296,6.8125,-40.337486
2.376,6.8125,-55.392067
2.448,6.8125,-65.808464
2.528,6.8125,-55.856125
2.6,6.8125,-66.966484
2.68,6.8125,-44.91861
2.752,6.8125,-43.599838
2.832,6.8125,-66.267838
2.904,6.8125,-69.662819
2.984,6.8125,-49.221794
0.016,6.96875,-50.123344
0.096,6.96875,-49.028088
0.168,6.96875,-46.375866
0.248,6.96875,-41.359367
0.32,6.96875,-70
0.4,6.96875,-47.546112
0.472,6.96875,-60.805649
0.552,6.96875,-64.765221
0.624,6.96875,-61.443901
0.704,6.96875,-50.865082
0.776,6.96875,-47.183563
0.856,6.96875,-56.12989
0.928,6.96875,-70
1.008,6.96875,-65.581223
1.08,6.96875,-68.581825
1.16,6.96875,-53.253754
1.232,6.96875,-50.051075
1.312,6.96875,-44.542088
1.384,6.96875,-62.75901
1.464,6.96875,-61.404045
1.536,6.96875,-70
1.616,6.96875,-54.295502
1.688,6.96875,-43.274822
1.768,6.96875,-59.296921
1.84,6.96875,-44.344028
1.92,6.96875,-70
1.992,6.96875,-66.49482
2.072,6.96875,-62.433876
2.144,6.96875,-70
2.224,6.96875,-48.784985
2.296,6.96875,-69.425018
2.376,6.96875,-64.729218
2.448,6.96875,-57.027916
2.528,6.96875,-53.145378
2.6,6.96875,-52.91642
2.68,6.96875,-45.029751
2.752,6.96875,-41.972164
2.832,6.96875,-52.312477
2.904,6.96875,-58.947502
2.984,6.96875,-58.462051
0.016,7.15625,-66.492805
0.096,7.15625,-70
0.168,7.15625,-46.536781
0.248,7.15625,-55.285393
0.32,7.15625,-40.700451
0.4,7.15625,-53.462334
0.472,7.15625,-40.334286
0.552,7.15625,-56.657372
0.624,7.15625,-56.747231
0.704,7.15625,-70
0.776,7.15625,-49.981861
0.856,7.15625,-44.093987
0.928,7.15625,-50.844696
1.008,7.15625,-52.703125
1.08,7.15625,-48.630592
1.16,7.15625,-52.706329
1.232,7.15625,-61.374542
1.312,7.15625,-49.366608
1.384,7.15625,-68.377953
1.464,7.15625,-43.49791
1.536,7.15625,-55.345947
1.616,7.15625,-70
1.688,7.15625,-51.267899
1.768,7.15625,-43.450733
1.84,7.15625,-56.971298
1.92,7.15625,-50.638271
1.992,7.15625,-70
2.072,7.15625,-67.013634
2.144,7.15625,-44.72546
2.224,7.15625,-53.968559
2.296,7.15625,-52.100937
2.376,7.15625,-43.018982
2.448,7.15625,-53.564011
2.528,7.15625,-66.339226
2.6,7.15625,-63.569931
2.68,7.15625,-44.511581
2.752,7.15625,-43.218796
2.832,7.15625,-63.220764
2.904,7.15625,-55.444267
2.984,7.15625,-58.910973
0.016,7.3125,-44.895081
0.096,7.3125,-52.842972
0.168,7.3125,-69.043732
0.248,7.3125,-37.05637
0.32,7.3125,-55.791954
0.4,7.3125,-59.027077
0.472,7.3125,-44.43502
0.552,7.3125,-47.881096
0.624,7.3125,-45.500916
0.704,7.3125,-62.395447
0.776,7.3125,-43.347965
0.856,7.3125,-38.776535
0.928,7.3125,-41.915787
1.008,7.3125,-49.742737
1.08,7.3125,-50.30043
1.16,7.3125,-37.296913
1.232,7.3125,-55.931709
1.312,7.3125,-65.909912
1.384,7.3125,-39.915676
1.464,7.3125,-66.484756
1.536,7.3125,-49.317825
1.616,7.3125,-50.809063
1.688,7.3125,-41.674034
1.768,7.3125,-55.289223
1.84,7.3125,-48.093735
1.92,7.3125,-37.904278
1.992,7.3125,-64.813683
2.072,7.3125,-61.550842
2.144,7.3125,-49.541458
2.224,7.3125,-50.633553
2.296,7.3125,-51.824806
2.376,7.3125,-54.643677
2.448,7.3125,-50.043594
2.528,7.3125,-62.196785
2.6,7.3125,-52.691231
2.68,7.3125,-50.750961
2.752,7.3125,-70
2.832,7.3125,-45.005516
2.904,7.3125,-40.680485
2.984,7.3125,-67.559593
0.016,7.5,-50.6409
0.096,7.5,-41.240562
0.168,7.5,-49.639832
0.248,7.5,-54.56411
0.32,7.5,-46.654732
0.4,7.5,-49.406555
0.472,7.5,-60.605675
0.552,7.5,-41.956478
0.624,7.5,-64.94857
0.704,7.5,-66.363594
0.776,7.5,-48.775677
0.856,7.5,-50.523094
0.928,7.5,-49.072449
1.008,7.5,-54.483887
1.08,7.5,-51.207893
1.16,7.5,-58.205093
1.232,7.5,-65.177254
1.312,7.5,-63.883247
1.384,7.5,-70
1.464,7.5,-45.946865
1.536,7.5,-62.544769
1.616,7.5,-53.384827
1.688,7.5,-56.50132
1.768,7.5,-55.402237
1.84,7.5,-55.253181
1.92,7.5,-62.25753
1.992,7.5,-61.678917
2.072,7.5,-49.432739
2.144,7.5,-46.611649
2.224,7.5,-65.762276
2.296,7.5,-43.281994
2.376,7.5,-46.257988
2.448,7.5,-55.706245
2.528,7.5,-53.942871
2.6,7.5,-57.032478
2.68,7.5,-56.320198
2.752,7.5,-60.244934
2.832,7.5,-62.432648
2.904,7.5,-55.270576
2.984,7.5,-54.447929
0.016,7.65625,-62.01638
0.096,7.65625,-66.620247
0.168,7.65625,-60.181877
0.248,7.65625,-49.127144
0.32,7.65625,-60.43026
0.4,7.65625,-66.053696
0.472,7.65625,-47.243572
0.552,7.65625,-64.807816
0.624,7.65625,-58.675446
0.704,7.65625,-46.255077
0.776,7.65625,-70
0.856,7.65625,-56.188789
0.928,7.65625,-57.457069
1.008,7.65625,-58.352928
1.08,7.65625,-46.188004
1.16,7.65625,-51.445747
1.232,7.65625,-57.085426
1.312,7.65625,-70
1.384,7.65625,-50.654736
1.464,7.65625,-53.730743
1.536,7.65625,-57.630165
1.616,7.65625,-55.254738
1.688,7.65625,-55.435455
1.768,7.65625,-61.336578
1.84,7.65625,-50.212444
1.92,7.65625,-56.865486
1.992,7.65625,-56.07618
2.072,7.65625,-54.747063
2.144,7.65625,-54.769287
2.224,7.65625,-53.846291
2.296,7.65625,-67.957405
2.376,7.65625,-60.092171
2.448,7.65625,-70
2.528,7.65625,-62.672112
2.6,7.65625,-70
2.68,7.65625,-54.650368
2.752,7.65625,-70
2.832,7.65625,-66.76886
2.904,7.65625,-66.647285
2.984,7.65625,-65.666939
0.016,7.84375,-62.769653
0.096,7.84375,-61.549561
0.168,7.84375,-60.370171
0.248,7.84375,-51.938118
0.32,7.84375,-47.203144
0.4,7.84375,-43.957199
0.472,7.84375,-53.855583
0.552,7.84375,-45.463787
0.624,7.84375,-50.386406
0.704,7.84375,-43.972721
0.776,7.84375,-40.452248
0.856,7.84375,-48.816597
0.928,7.84375,-56.491592
1.008,7.84375,-68.311333
1.08,7.84375,-53.000031
1.16,7.84375,-56.450012
1.232,7.84375,-50.147308
1.312,7.84375,-44.961452
1.384,7.84375,-48.842892
1.464,7.84375,-50.95826
1.536,7.84375,-53.75042
1.616,7.84375,-53.142128
1.688,7.84375,-50.92939
1.768,7.84375,-66.541801
1.84,7.84375,-51.001671
1.92,7.84375,-51.975388
1.992,7.84375,-39.610878
2.072,7.84375,-47.070038
2.144,7.84375,-49.286781
2.224,7.84375,-56.397919
2.296,7.84375,-58.277153
2.376,7.84375,-47.792095
2.448,7.84375,-70
2.528,7.84375,-35.147675
2.6,7.84375,-58.917641
2.68,7.84375,-57.479965
2.752,7.84375,-62.697403
2.832,7.84375,-70
2.904,7.84375,-41.843872
2.984,7.84375,-37.903465
0.016,8,-70
0.096,8,-68.584953
0.168,8,-69.971184
0.248,8,-70
0.32,8,-70
0.4,8,-67.302727
0.472,8,-57.823387
0.552,8,-70
0.624,8,-70
0.704,8,-62.813393
0.776,8,-61.755989
0.856,8,-43.729053
0.928,8,-58.303307
1.008,8,-54.939178
1.08,8,-65.762871
1.16,8,-70
1.232,8,-54.88623
1.312,8,-56.101891
1.384,8,-45.185707
1.464,8,-54.699455
1.536,8,-59.430313
1.616,8,-70
1.688,8,-63.872589
1.768,8,-69.196648
1.84,8,-66.413422
1.92,8,-48.607323
1.992,8,-68.513824
2.072,8,-51.355888
2.144,8,-70
2.224,8,-52.95388
2.296,8,-37.078636
2.376,8,-61.056427
2.448,8,-42.011791
2.528,8,-68.307167
2.6,8,-50.418549
2.68,8,-43.10511
2.752,8,-39.031811
2.832,8,-55.181107
2.904,8,-40.321716
2.984,8,-62.70166
