tempo_s,clean,clean_empilhado,noisy,noisy_empilhado,stft_subtraction,stft_subtraction_empilhado,stft_wiener,stft_wiener_empilhado,wavelet_soft,wavelet_soft_empilhado
0,0,3,0,1,0.0013031013,-0.99869692,0.0068317163,-2.9931684,-0.002555008,-5.0025549
0.004625,0,3,-0.066463031,0.93353695,-0.011266244,-1.0112662,-0.016543994,-3.0165441,-0.096929178,-5.0969291
0.00925,0,3,-0.13125482,0.86874521,7.4531978e-05,-0.99992549,-0.001608121,-3.0016081,-0.09945596,-5.0994558
0.013875,0,3,-0.11659954,0.88340044,-0.0096865818,-1.0096866,-0.021112874,-3.0211129,-0.08023075,-5.0802307
0.0185,0,3,-0.021083046,0.97891694,0.0054227086,-0.99457729,0.0083255321,-2.9916744,-0.044050898,-5.0440507
0.023125,0,3,0.0041137654,1.0041138,0.0054927659,-0.99450725,0.0060904534,-2.9939096,0.022945162,-4.9770551
0.02775,0,3,0.110686,1.1106861,0.013569486,-0.98643053,0.026892785,-2.9731071,0.065431498,-4.9345684
0.032375,0,3,0.1207133,1.1207134,0.01813185,-0.98186815,0.032961234,-2.9670389,0.072359778,-4.9276404
0.037,0,3,0.080089867,1.0800898,-0.003556943,-1.003557,-0.0040882332,-3.0040882,0.097001143,-4.9029989
0.041625,0,3,0.085874848,1.0858748,0.015919363,-0.98408061,0.025188494,-2.9748116,0.079745263,-4.9202547
0.04625,0,3,0.067105792,1.0671058,-0.0040476914,-1.0040476,-0.0038781946,-3.0038781,0.070909098,-4.929091
0.050875,0,3,0.10412968,1.1041297,0.021041669,-0.97895831,0.039683603,-2.9603164,0.0044851382,-4.9955149
0.0555,0,3,-0.0034709894,0.99652898,-0.0024372998,-1.0024374,-0.0044850451,-3.0044851,-0.029975545,-5.0299754
0.060125,0,3,-0.055921499,0.94407851,0.015728353,-0.98427165,0.029315809,-2.9706843,-0.10662615,-5.106626
0.06475,0,3,0.029953355,1.0299534,0.035359815,-0.9646402,0.063214466,-2.9367855,-0.11047573,-5.1104755
0.069375,0,3,-0.19373263,0.80626738,-0.021377103,-1.0213771,-0.043848269,-3.0438483,-0.11367185,-5.1136718
0.074,0,3,-0.089988619,0.91001141,0.0017686053,-0.99823141,0.0073439232,-2.992656,-0.10171288,-5.1017127
0.078625,0,3,-0.072376557,0.92762345,-0.0059104408,-1.0059104,-0.012035852,-3.0120358,-0.048297457,-5.0482974
0.08325,0,3,0.097059153,1.0970591,0.013299265,-0.98670071,0.025631966,-2.9743681,0.036496066,-4.9635038
0.087875,0,3,0.098344706,1.0983447,0.0077222437,-0.99227774,0.0095750913,-2.9904249,0.085149378,-4.9148507
0.0925,0,3,-0.015812285,0.98418772,-0.025781175,-1.0257812,-0.047571704,-3.0475717,0.09310206,-4.906898
0.097125,0,3,0.15310921,1.1531092,0.009099694,-0.99090028,0.021527112,-2.9784729,0.13120794,-4.8687921
0.10175,0,3,0.10708645,1.1070864,0.0048547806,-0.9951452,0.0051387241,-2.9948614,0.088735022,-4.9112649
0.106375,0,3,0.13716836,1.1371684,0.020388469,-0.97961152,0.043142982,-2.956857,0.061456453,-4.9385433
0.111,0,3,0.041137651,1.0411377,0.0039514285,-0.99604857,0.0090729631,-2.990927,-0.01602355,-5.0160236
0.115625,0,3,-0.095387928,0.90461206,-0.015884776,-1.0158848,-0.034558047,-3.0345581,-0.073737383,-5.0737371
0.12025,0,3,-0.09770193,0.90229809,-0.0128177,-1.0128177,-0.032924123,-3.0329242,-0.14092587,-5.1409259
0.124875,0,3,-0.087160401,0.91283959,0.010465758,-0.98953426,-0.0058480306,-3.0058479,-0.15696429,-5.1569643
0.1295,0,3,-0.13189761,0.86810237,-0.0086748181,-1.0086749,-0.030535273,-3.0305352,-0.13301188,-5.1330118
0.134125,0,3,-0.13356882,0.86643118,-0.021073589,-1.0210736,-0.045544263,-3.0455441,-0.11419543,-5.1141953
0.13875,0,3,-0.025839588,0.97416043,0.0021914518,-0.99780858,0.0023244475,-2.9976757,-0.033808138,-5.0338082
0.143375,0,3,0.10592946,1.1059295,0.033773802,-0.96622622,0.056503043,-2.9434969,0.045718476,-4.9542813
0.148,0,3,0.084717862,1.0847179,0.0056969961,-0.99430299,0.020233419,-2.9797666,0.10590325,-4.8940969
0.152625,0,3,0.14475311,1.1447531,0.022350704,-0.97764927,0.055298474,-2.9447014,0.14067209,-4.8593278
0.15725,0,3,0.1207133,1.1207134,0.039928753,-0.96007127,0.076191865,-2.9238081,0.19272403,-4.8072758
0.161875,0,3,0.15658018,1.1565802,0.037831407,-0.96216857,0.076547302,-2.9234526,0.15624417,-4.8437557
0.1665,0,3,0.047693964,1.047694,0.0054644393,-0.99453557,0.017190535,-2.9828095,0.10815215,-4.8918476
0.171125,0,3,0.014655288,1.0146552,-0.0027076364,-1.0027076,-0.0018998191,-3.0018997,0.048143826,-4.9518561
0.17575,0,3,-0.16300796,0.83699203,-0.020828687,-1.0208287,-0.04691717,-3.0469172,-0.047586657,-5.0475864
0.180375,0,3,-0.11942775,0.88057226,-0.019205548,-1.0192056,-0.05023475,-3.0502348,-0.13544153,-5.1354413
0.185,0,3,-0.13832536,0.86167467,-0.033564404,-1.0335644,-0.073933832,-3.0739338,-0.16829473,-5.1682949
0.189625,0,3,-0.17959155,0.82040846,-0.062594764,-1.0625948,-0.11512761,-3.1151276,-0.17993584,-5.1799359
0.19425,0,3,-0.25723886,0.74276114,-0.061678536,-1.0616785,-0.11732756,-3.1173275,-0.17146021,-5.1714602
0.198875,0,3,-0.18601933,0.8139807,-0.037488382,-1.0374883,-0.074573644,-3.0745738,-0.12359612,-5.1235962
0.2035,0,3,-0.016969282,0.98303074,0.011016368,-0.98898363,0.014806034,-2.985194,-0.03915704,-5.0391569
0.208125,0,3,0.084203638,1.0842036,0.0028086484,-0.99719137,0.011356018,-2.9886439,0.034879293,-4.9651208
0.21275,0,3,0.14950965,1.1495097,0.020146566,-0.97985345,0.034508277,-2.9654918,0.089877501,-4.9101224
0.217375,0,3,0.15837996,1.1583799,0.031283908,-0.96871608,0.064284451,-2.9357154,0.12956567,-4.8704343
0.222,0,3,0.088317402,1.0883174,0.0027537313,-0.99724627,0.017031044,-2.982969,0.14555129,-4.8544488
0.226625,0,3,0.094102383,1.0941024,0.0010655134,-0.99893451,0.004845086,-2.9951549,0.1262361,-4.873764
0.23125,0,3,-0.081246868,0.91875315,-0.020322515,-1.0203226,-0.038626287,-3.0386262,0.088801585,-4.9111986
0.235875,0,3,-0.047051191,0.95294881,-0.025915541,-1.0259155,-0.047640976,-3.047641,0.037295755,-4.9627042
0.2405,0,3,0.0069419788,1.006942,0.013095283,-0.98690474,0.024221506,-2.9757786,-0.018493719,-5.0184937
0.245125,0,3,0.062992029,1.062992,0.018085971,-0.98191404,0.034299351,-2.9657006,-0.043897342,-5.0438972
0.24975,0,3,-0.052964728,0.94703525,0.01483128,-0.9851687,0.022710361,-2.9772897,-0.089647405,-5.0896473
0.254375,0,3,-0.046408415,0.95359159,0.0050393934,-0.99496061,0.014395817,-2.9856043,-0.10703471,-5.1070347
0.259,0,3,-0.15246643,0.84753358,-0.03159171,-1.0315917,-0.047634628,-3.0476346,-0.080477387,-5.0804772
0.263625,0,3,-0.051807731,0.94819224,0.0064972215,-0.9935028,0.007844354,-2.9921556,-0.05033252,-5.0503325
0.26825,0,3,0.066463031,1.066463,0.020697638,-0.97930235,0.031955451,-2.9680445,-0.012332585,-5.0123324
0.272875,0,3,-0.060549483,0.9394505,-0.020315057,-1.0203151,-0.035613634,-3.0356135,0.014952402,-4.9850478
0.2775,0,3,-0.03766666,0.96233332,-0.008628739,-1.0086287,-0.018156631,-3.0181565,0.022352625,-4.9776473
0.282125,0,3,0.086517639,1.0865177,0.0011930065,-0.99880701,0.002774786,-2.9972253,0.054915994,-4.9450841
0.28675,0,3,0.0098987473,1.0098988,-0.0098913349,-1.0098914,-0.016463716,-3.0164638,0.049133252,-4.9508667
0.291375,0,3,-0.067105792,0.93289423,-0.021741293,-1.0217413,-0.035587374,-3.0355873,0.033487536,-4.9665127
0.296,0,3,-0.025196813,0.97480321,-0.013805559,-1.0138055,-0.027462883,-3.027463,0.012493669,-4.9875064
0.300625,0.13700227,3.1370022,0.099978387,1.0999784,0.069313474,-0.93068653,0.074591547,-2.9254084,0.11355729,-4.8864427
0.30525,0.14512046,3.1451204,0.14229225,1.1422923,0.12295639,-0.8770436,0.1477599,-2.8522401,0.048765324,-4.9512348
0.309875,-0.28511366,2.7148864,-0.27752891,0.72247112,-0.25905687,-1.2590568,-0.25910425,-3.2591043,-0.1460273,-5.1460271
0.3145,0.14356397,3.143564,0.080571942,1.0805719,0.11702503,-0.88297498,0.11967872,-2.8803213,0.01932626,-4.9806738
0.319125,-0.17081794,2.8291821,-0.23676676,0.76323324,-0.22262228,-1.2226223,-0.24558793,-3.2455878,-0.14327189,-5.1432719
0.32375,0.093328789,3.0933287,0.18280318,1.1828032,0.097170949,-0.90282905,0.10896781,-2.8910322,0.30019504,-4.6998048
0.328375,0.49289078,3.4928908,0.59354949,1.5935495,0.4415645,-0.5584355,0.49633545,-2.5036645,0.41739798,-4.582602
0.333,-0.41573736,2.5842626,-0.30620837,0.69379163,-0.41440365,-1.4144037,-0.39296046,-3.3929605,-0.047691006,-5.0476909
0.337625,0.14136657,3.1413665,0.30501729,1.3050172,0.2060335,-0.79396653,0.22179678,-2.7782032,0.11116222,-4.8888378
0.34225,-0.30931568,2.6906843,-0.1504215,0.8495785,-0.23762432,-1.2376243,-0.20461169,-3.2046118,-0.072559886,-5.0725598
0.346875,0.3821353,3.3821354,0.42738673,1.4273868,0.41959465,-0.58040535,0.44154257,-2.5584574,0.31482789,-4.6851721
0.3515,-0.27369931,2.7263007,-0.36613047,0.63386953,-0.28464836,-1.2846484,-0.30815759,-3.3081577,-0.46357012,-5.4635701
0.356125,0.49182257,3.4918225,0.25155297,1.2515529,0.38465303,-0.61534697,0.34983823,-2.6501617,-0.03669931,-5.0366993
0.36075,-0.29628378,2.7037163,-0.53359663,0.46640337,-0.41551703,-1.4155171,-0.47785047,-3.4778504,-0.52292639,-5.5229263
0.365375,0.29536822,3.2953682,0.081066757,1.0810667,0.1576966,-0.8423034,0.085505076,-2.914495,-0.049546469,-5.0495462
0.37,0.0024415641,3.0024416,-0.25016934,0.74983066,-0.14169626,-1.1416962,-0.1886242,-3.1886241,-0.37660328,-5.3766031
0.374625,0.084447592,3.0844476,-0.091544434,0.90845555,0.00034787648,-0.99965215,-0.042330198,-3.0423303,-0.03920396,-5.0392041
0.37925,-0.099402182,2.9005978,-0.22307226,0.77692771,-0.1385999,-1.1385999,-0.17128974,-3.1712897,-0.15873359,-5.1587334
0.383875,0.13962695,3.139627,0.16906609,1.1690661,0.11606084,-0.88393915,0.15718056,-2.8428195,0.1600076,-4.8399925
0.3885,-0.094061255,2.9059386,0.038993344,1.0389934,-0.0038937936,-1.0038939,0.026049862,-2.9739501,0.28644678,-4.7135534
0.393125,-0.13904709,2.8609529,0.17128506,1.171285,0.048701212,-0.95129877,0.12270524,-2.8772948,0.24243066,-4.7575693
0.39775,0.17460236,3.1746023,0.49907562,1.4990757,0.33599061,-0.66400939,0.43432564,-2.5656743,0.36134642,-4.6386538
0.402375,-0.30333382,2.6966662,0.071147382,1.0711474,-0.10789129,-1.1078913,-0.025379734,-3.0253797,0.0043280069,-4.9956722
0.407,0.25605902,3.2560589,0.55404991,1.55405,0.40607792,-0.59392208,0.49083361,-2.5091665,0.23488934,-4.7651105
0.411625,0.27665973,3.2766597,0.4115141,1.411514,0.25527641,-0.74472356,0.34414533,-2.6558547,0.17415465,-4.8258452
0.41625,0.22230442,3.2223043,0.14928508,1.1492851,0.18218696,-0.81781304,0.18563172,-2.8143682,0.080348611,-4.9196515
0.420875,-0.056796882,2.9432032,-0.24101643,0.75898355,-0.14404134,-1.1440413,-0.19015715,-3.1901572,-0.05461318,-5.0546131
0.4255,-0.16813219,2.8318677,-0.43424138,0.56575859,-0.33318436,-1.3331844,-0.40426436,-3.4042645,-0.34865636,-5.3486562
0.430125,0.27723962,3.2772396,-0.1373508,0.8626492,0.024625814,-0.97537416,-0.070054248,-3.0700543,-0.224916,-5.224916
0.43475,-0.066166386,2.9338336,-0.39822435,0.60177565,-0.27094477,-1.2709448,-0.36026621,-3.3602662,-0.49990091,-5.4999008
0.439375,0.24406487,3.2440648,-0.075009018,0.92499101,0.033446435,-0.96655357,-0.043978386,-3.0439785,-0.078175373,-5.0781755
0.444,-0.17887509,2.821125,-0.43328577,0.56671423,-0.32535475,-1.3253548,-0.38679126,-3.3867912,-0.260014,-5.2600141
0.448625,0.13102043,3.1310205,0.10813761,1.1081376,0.11495308,-0.8850469,0.099424623,-2.9005754,0.09787529,-4.9021249
0.45325,-0.17237443,2.8276255,-0.01926522,0.98073477,-0.091162451,-1.0911624,-0.060385115,-3.0603852,0.049100224,-4.9508996
0.457875,0.029207213,3.0292072,0.2222971,1.2222971,0.15379739,-0.84620261,0.20446189,-2.7955382,0.23442441,-4.7655754
0.4625,-0.051120251,2.9488797,0.29803559,1.2980356,0.12356144,-0.87643856,0.22126697,-2.778733,0.28185102,-4.7181492
0.467125,0.12213925,3.1221392,0.4783656,1.4783657,0.33153164,-0.66846836,0.43108454,-2.5689154,0.38015229,-4.6198478
0.47175,-0.0091863852,2.9908137,0.18454625,1.1845462,0.13746741,-0.86253262,0.19781087,-2.8021891,0.33400118,-4.6659989
0.476375,0.1379789,3.1379788,0.35819387,1.3581939,0.24048209,-0.75951791,0.31792089,-2.6820791,0.27669799,-4.7233019
0.481,0.0041811788,3.0041811,0.068330206,1.0683302,0.034449004,-0.96555102,0.058040626,-2.9419594,0.058836274,-4.9411635
0.485625,-0.064091064,2.935909,-0.15356547,0.84643453,-0.10214054,-1.1021405,-0.11935773,-3.1193578,-0.021701241,-5.0217013
0.49025,0.11869052,3.1186905,-0.10563825,0.89436173,0.0078409584,-0.99215907,-0.026854426,-3.0268545,-0.09054333,-5.0905433
0.494875,0.057865068,3.0578651,-0.17700523,0.82299477,-0.0409449,-1.0409449,-0.11149967,-3.1114998,-0.25185564,-5.2518559
0.4995,0.17567055,3.1756706,-0.12514855,0.87485147,0.017730789,-0.98226923,-0.059154604,-3.0591545,-0.2284461,-5.228446
0.504125,-0.11377688,2.8862231,-0.41588151,0.58411849,-0.25945127,-1.2594513,-0.34800696,-3.348007,-0.25527287,-5.2552729
0.50875,-0.35381317,2.6461868,-0.63226366,0.36773634,-0.47058943,-1.4705894,-0.5584923,-3.5584922,-0.42147738,-5.4214773
0.513375,-0.15580231,2.8441978,-0.32588083,0.67411917,-0.21830666,-1.2183067,-0.2760199,-3.2760198,-0.25020519,-5.250205
0.518,0.08215864,3.0821586,0.036264446,1.0362644,0.061154887,-0.9388451,0.044582371,-2.9554176,-0.041289121,-5.0412893
0.522625,0.42376399,3.423764,0.44201884,1.4420189,0.43787932,-0.56212068,0.46306416,-2.5369358,0.47011769,-4.5298824
0.52725,-0.051700123,2.9482999,0.10012352,1.1001235,0.018655002,-0.981345,0.050984502,-2.9490156,0.14652857,-4.8534713
0.531875,-0.040957239,2.9590428,0.16100293,1.1610029,0.025257999,-0.974742,0.09318877,-2.9068112,0.18853471,-4.8114653
0.5365,-0.26826689,2.7317331,-0.069263473,0.93073654,-0.17710848,-1.1771085,-0.12042493,-3.120425,-0.001558844,-5.0015588
0.541125,-0.11246455,2.8875353,0.019947283,1.0199473,-0.075549215,-1.0755492,-0.045278888,-3.0452788,0.13928166,-4.8607183
0.54575,0.043246202,3.0432463,0.14274791,1.1427479,0.083883375,-0.9161166,0.095741332,-2.9042587,0.13924792,-4.8607521
0.550375,0.16245557,3.1624556,0.028243989,1.028244,0.12275869,-0.87724131,0.095135249,-2.9048648,0.14323661,-4.8567634
0.555,0.24791034,3.2479103,0.18556108,1.1855611,0.21719427,-0.78280574,0.20067628,-2.7993238,0.072862141,-4.9271379
0.559625,-0.095465153,2.9045348,-0.31092364,0.68907636,-0.13353963,-1.1335397,-0.19728719,-3.1972871,-0.22480983,-5.2248096
0.56425,-0.044985823,2.9550142,-0.18331119,0.81668878,-0.062049143,-1.0620492,-0.092116244,-3.0921164,-0.2201304,-5.2201304
0.568875,-0.18986213,2.8101377,-0.34168577,0.65831423,-0.21078767,-1.2107877,-0.2448446,-3.2448447,-0.21490352,-5.2149034
0.5735,-0.19636279,2.8036373,-0.24868475,0.75131524,-0.19371267,-1.1937127,-0.20374003,-3.2037401,-0.1578164,-5.1578164
0.578125,-0.13053212,2.869468,-0.045171492,0.9548285,-0.087863036,-1.0878631,-0.082094975,-3.0820949,-0.063280649,-5.0632806
0.58275,0.054568958,3.054569,0.042227663,1.0422276,0.0266208,-0.97337919,0.019043172,-2.9809568,0.022987109,-4.9770131
0.587375,0.26524544,3.2652454,0.35883361,1.3588336,0.27457911,-0.72542089,0.30146569,-2.6985343,0.28253174,-4.7174683
0.592,0.12305483,3.1230547,0.17486256,1.1748626,0.12611729,-0.87388271,0.12255838,-2.8774416,0.081407838,-4.918592
0.596625,0.054416362,3.0544164,0.15276107,1.1527611,0.073953107,-0.92604691,0.08117716,-2.9188228,0.041408323,-4.9585915
0.60125,0,3,0.092431165,1.0924312,0.032942958,-0.96705705,0.047043972,-2.952956,0.011279869,-4.9887199
0.605875,0,3,0.060549483,1.0605495,0.014688215,-0.98531181,0.025365235,-2.9746346,-0.0038947454,-5.0038948
0.6105,0,3,-0.046408415,0.95359159,0.0059400825,-0.99405992,0.0066724042,-2.9933276,-0.03052091,-5.0305209
0.615125,0,3,0.019926053,1.0199261,0.0028996463,-0.99710035,0.0070884707,-2.9929116,0.0031714106,-4.9968286
0.61975,0,3,-0.020568825,0.97943115,-0.0089943605,-1.0089943,-0.016853627,-3.0168536,-0.0057884986,-5.0057883
0.624375,0,3,0.16133673,1.1613368,0.030625375,-0.9693746,0.059842732,-2.9401572,0.044716835,-4.9552832
0.629,0,3,0.09770193,1.0977019,0.026920134,-0.97307986,0.042527109,-2.9574728,0.059232965,-4.9407668
0.633625,0,3,0.1442389,1.1442389,-0.0031353531,-1.0031353,0.0027496265,-2.9972503,0.091585897,-4.9084139
0.63825,0,3,0.041780431,1.0417805,-0.010144416,-1.0101445,-0.018581549,-3.0185816,0.092993371,-4.9070067
0.642875,0,3,0.15362342,1.1536235,0.018512622,-0.98148739,0.034549531,-2.9654505,0.079573147,-4.9204268
0.6475,0,3,0.039337881,1.0393379,0.0053881812,-0.9946118,0.0099763051,-2.9900236,0.044349995,-4.9556499
0.652125,0.019410435,3.0194104,-0.037668057,0.96233195,-0.0017634347,-1.0017635,-0.010454745,-3.0104547,-0.010730062,-5.0107303
0.65675,0.022950703,3.0229506,-0.11537466,0.88462532,-0.01809244,-1.0180924,-0.053365115,-3.0533652,-0.022512291,-5.0225124
0.661375,0.052829348,3.0528293,-0.20029575,0.79970425,-0.010798939,-1.0107989,-0.070018113,-3.0700181,-0.1391533,-5.1391535
0.666,0.024385123,3.0243852,-0.16934751,0.83065248,-0.03907048,-1.0390705,-0.087017,-3.0870171,-0.17602986,-5.1760297
0.670625,-0.048770245,2.9512298,-0.24893065,0.75106937,-0.12108486,-1.1210848,-0.17612427,-3.1761243,-0.25490624,-5.2549062
0.67525,-0.04907544,2.9509246,-0.26453391,0.73546612,-0.096059382,-1.0960593,-0.15366067,-3.1536608,-0.23372734,-5.2337275
0.679875,-0.14533411,2.854666,-0.13710658,0.8628934,-0.13322029,-1.1332203,-0.14346783,-3.1434679,-0.16464868,-5.1646485
0.6845,0.063724823,3.0637248,0.053183302,1.0531833,0.067020923,-0.93297911,0.071244895,-2.928755,0.023414884,-4.9765849
0.689125,0.27125779,3.2712579,0.51679814,1.5167981,0.32676318,-0.67323685,0.39629102,-2.603709,0.29035625,-4.7096438
0.69375,0.0078130057,3.007813,0.32277316,1.3227732,0.13087091,-0.86912906,0.2137558,-2.7862442,0.17880318,-4.821197
0.698375,-0.0092474241,2.9907525,0.29697099,1.296971,0.1637428,-0.83625722,0.24246266,-2.7575374,0.24961634,-4.7503839
0.703,-0.056888439,2.9431117,0.28403986,1.2840399,0.12373645,-0.87626356,0.20980024,-2.7901998,0.29555663,-4.7044435
0.707625,0.13443863,3.1344385,0.41173214,1.4117322,0.27096972,-0.72903025,0.3654618,-2.6345382,0.30479741,-4.6952028
0.71225,0.10425479,3.1042547,0.26854828,1.2685483,0.17289196,-0.82710803,0.22579968,-2.7742004,0.10730664,-4.8926935
0.716875,0.10355284,3.1035528,0.039403811,1.0394038,0.10795843,-0.89204156,0.10603381,-2.8939662,0.014570897,-4.9854293
0.7215,0.011261714,3.0112617,-0.08348345,0.91651654,-0.065819643,-1.0658196,-0.091247223,-3.0912473,-0.13647202,-5.1364722
0.726125,-0.1167678,2.8832321,-0.34161079,0.65838921,-0.23790884,-1.2379088,-0.31139633,-3.3113964,-0.2437672,-5.2437673
0.73075,-0.015137698,2.9848623,-0.36082256,0.63917744,-0.20664473,-1.2066448,-0.29929668,-3.2992966,-0.37512213,-5.3751221
0.735375,-0.0017090949,2.998291,-0.29198664,0.70801336,-0.16745745,-1.1674575,-0.24750151,-3.2475016,-0.29779592,-5.2977958
0.74,0.18464328,3.1846433,-0.078509167,0.92149085,0.037706606,-0.96229339,-0.029183617,-3.0291836,-0.14539187,-5.1453919
0.744625,-0.15354386,2.8464561,-0.33660644,0.66339356,-0.237507,-1.237507,-0.29595393,-3.295954,-0.18152693,-5.1815271
0.74925,-0.15580231,2.8441978,-0.14886034,0.85113966,-0.14393654,-1.1439365,-0.15134871,-3.1513486,-0.016978048,-5.0169783
0.753875,-0.046115041,2.9538851,0.17050041,1.1705004,0.023712667,-0.97628731,0.076798283,-2.9232018,0.077324256,-4.9226756
0.7585,0.1779595,3.1779594,0.55424047,1.5542405,0.34811303,-0.65188694,0.44481775,-2.5551822,0.38991609,-4.6100841
0.763125,0.093786582,3.0937865,0.31400156,1.3140016,0.25126579,-0.74873424,0.31235602,-2.687644,0.26453879,-4.7354612
0.76775,0.0072941729,3.0072942,0.39527369,1.3952737,0.22195484,-0.77804518,0.32467833,-2.6753216,0.34594333,-4.6540565
0.772375,-0.11289182,2.8871081,0.24102056,1.2410206,0.080866054,-0.91913396,0.16561227,-2.8343878,0.26232621,-4.7376738
0.777,-0.22541742,2.7745826,-0.082978293,0.91702169,-0.11143074,-1.1114308,-0.089853272,-3.0898533,0.13447644,-4.8655233
0.781625,-0.041872822,2.9581273,-0.02490354,0.97509646,-0.046212699,-1.0462127,-0.045705661,-3.0457056,0.021736912,-4.9782629
0.78625,0.14460164,3.1446016,-0.0025940239,0.99740601,0.069388077,-0.93061191,0.041092534,-2.9589074,-0.088668332,-5.0886683
0.790875,0.095617756,3.0956178,-0.13513878,0.86486125,-0.037394051,-1.037394,-0.096668459,-3.0966685,-0.27441281,-5.2744126
0.7955,0.17032963,3.1703296,-0.21944964,0.78055036,-0.036815122,-1.0368152,-0.13738291,-3.137383,-0.2353863,-5.2353864
0.800125,0.018494848,3.0184948,-0.30649263,0.69350737,-0.16665652,-1.1666565,-0.25448918,-3.2544892,-0.33620659,-5.3362064
0.80475,0.21586478,3.2158647,-0.10565171,0.89434826,0.043816276,-0.95618373,-0.027192527,-3.0271926,-0.14868961,-5.1486897
0.809375,-0.067173533,2.9328265,-0.20138511,0.79861486,-0.12732309,-1.1273232,-0.17086333,-3.1708634,-0.20661873,-5.2066188
0.814,-0.096441783,2.9035583,-0.17820287,0.82179713,-0.12926996,-1.12927,-0.15529612,-3.1552961,-0.07590384,-5.0759039
0.818625,-0.1275412,2.8724587,-0.092317089,0.9076829,-0.093869023,-1.093869,-0.093694411,-3.0936944,0.11483543,-4.8851647
0.82325,-0.29887798,2.701122,-0.11877219,0.88122779,-0.22387955,-1.2238796,-0.18371832,-3.1837182,0.062789358,-4.9372106
0.827875,-0.075688489,2.9243114,0.087319471,1.0873195,0.028757783,-0.97124219,0.075204723,-2.9247954,0.24655963,-4.7534404
0.8325,0.12183405,3.121834,0.41622537,1.4162254,0.2330184,-0.7669816,0.33597508,-2.6640248,0.26106146,-4.7389383
0.837125,0.06045923,3.0604591,0.24879256,1.2487925,0.16477345,-0.83522654,0.23107579,-2.7689242,0.25122449,-4.7487755
0.84175,0.17225234,3.1722524,0.26879728,1.2687973,0.20763698,-0.79236305,0.23554014,-2.7644598,0.23470952,-4.7652903
0.846375,0.063419633,3.0634196,0.19120347,1.1912035,0.096057676,-0.90394235,0.1208813,-2.8791187,0.010038736,-4.9899611
0.851,0.038515676,3.0385156,-0.052758489,0.94724149,-0.0023755452,-1.0023756,-0.021697013,-3.021697,0.052216567,-4.9477835
0.855625,-0.15223153,2.8477685,-0.32410979,0.67589021,-0.15891185,-1.1589118,-0.2109738,-3.2109737,-0.069051906,-5.0690517
0.86025,-0.10437687,2.8956232,-0.2344747,0.76552528,-0.1313962,-1.1313962,-0.17950463,-3.1795046,-0.24714844,-5.2471485
0.864875,-0.0077214465,2.9922786,-0.12432099,0.87567902,-0.072889775,-1.0728898,-0.1022298,-3.1022298,-0.11286017,-5.1128602
0.8695,-0.083745643,2.9162543,-0.1360676,0.86393237,-0.10097887,-1.1009789,-0.12560523,-3.1256051,-0.1594156,-5.1594157
0.874125,0.052829348,3.0528293,-0.080739476,0.9192605,0.042103015,-0.95789701,0.010818073,-2.989182,-0.13223316,-5.1322331
0.87875,0.04336828,3.0433683,-0.04957711,0.95042288,0.038317803,-0.9616822,0.025426554,-2.9745734,-0.1146625,-5.1146626
0.883375,-0.1190873,2.8809128,-0.26743996,0.73256004,-0.14913924,-1.1491393,-0.18316446,-3.1831644,-0.15098003,-5.15098
0.888,0.32622349,3.3262234,0.37803122,1.3780313,0.3038874,-0.69611263,0.34818998,-2.6518099,0.14149652,-4.8585033
0.892625,-0.030672152,2.9693279,-0.0025185701,0.99748141,-0.042162646,-1.0421627,-0.047661327,-3.0476613,0.014553223,-4.9854469
0.89725,-0.036989696,2.9630103,0.081281058,1.0812811,-0.050789993,-1.05079,-0.033978108,-3.0339782,0.16448389,-4.835516
0.901875,-0.10782558,2.8921745,0.035770535,1.0357705,-0.064829059,-1.0648291,-0.054771736,-3.0547717,0.15816975,-4.8418303
0.9065,-0.059757285,2.9402428,0.12510505,1.125105,0.0059773605,-0.99402267,0.023369776,-2.9766302,0.067161091,-4.9328389
0.911125,0.024171485,3.0241716,0.087163515,1.0871636,0.01501065,-0.98498935,0.018872466,-2.9811275,0.12858018,-4.8714199
0.91575,0.036562424,3.0365624,0.19082862,1.1908286,0.050746266,-0.94925374,0.086446494,-2.9135535,0.087813064,-4.9121871
0.920375,-0.54047078,2.4595292,-0.50756067,0.49243933,-0.47025886,-1.4702588,-0.51910108,-3.5191011,-0.20934591,-5.2093458
0.925,-0.055881299,2.9441187,-0.11475956,0.88524044,-0.075728096,-1.0757281,-0.099707142,-3.0997071,-0.01147667,-5.0114765
0.929625,-0.016755234,2.9832447,-0.066763192,0.93323684,-0.060799811,-1.0607998,-0.05689276,-3.0568929,0.039988291,-4.9600115
0.93425,0.22376934,3.2237694,0.31028697,1.310287,0.25158936,-0.74841064,0.27359211,-2.726408,0.083141454,-4.9168587
0.938875,0.082006037,3.082006,0.093190335,1.0931903,0.081722751,-0.91827726,0.07212016,-2.9278798,0.037655994,-4.9623442
0.9435,-0.023469536,2.9765306,-0.013570788,0.98642921,0.0066888719,-0.99331111,0.020488303,-2.9795117,-0.010917801,-5.0109177
0.948125,0.14808086,3.1480808,0.13342556,1.1334256,0.1306908,-0.86930919,0.14452609,-2.855474,-0.028670145,-5.0286703
0.95275,-0.034853332,2.9651468,0.058734827,1.0587348,-0.018845908,-1.0188459,0.020150311,-2.9798496,-0.080707863,-5.080708
0.957375,-0.049777392,2.9502225,-0.14747933,0.8525207,-0.043942172,-1.0439422,-0.069416299,-3.0694163,-0.1330255,-5.1330256
0.962,-0.011963664,2.9880364,-0.10195228,0.89804769,-0.024504067,-1.0245041,-0.014629301,-3.0146294,-0.08100228,-5.0810022
0.966625,0.11725611,3.1172562,0.15248023,1.1524802,0.14098677,-0.8590132,0.17071895,-2.8292811,-0.031692948,-5.031693
0.97125,-0.4103964,2.5896037,-0.54396522,0.45603478,-0.37449062,-1.3744906,-0.41022295,-3.410223,-0.17817478,-5.178175
0.975875,-0.024079928,2.97592,-0.061103813,0.93889618,0.0025497095,-0.99745029,-0.01092421,-3.0109241,-0.06919761,-5.0691977
0.9805,-0.068485878,2.931514,-0.13494891,0.86505109,-0.06302955,-1.0630295,-0.071107782,-3.0711079,-0.041232839,-5.0412331
0.985125,0.18912967,3.1891296,0.23682363,1.2368237,0.1842311,-0.8157689,0.21090744,-2.7890925,0.072045341,-4.9279547
0.98975,-0.25975192,2.7402482,-0.3168304,0.6831696,-0.27409771,-1.2740977,-0.30096629,-3.3009663,-0.043617215,-5.0436172
0.994375,-0.061069623,2.9389303,0.095510557,1.0955106,-0.005854954,-1.005855,-0.0036666377,-3.0036666,0.064831689,-4.9351683
0.999,-0.00882015,2.9911799,0.11536413,1.1153641,0.016234843,-0.98376518,0.028459908,-2.97154,0.097323589,-4.9026766
1.003625,0.085973576,3.0859735,0.19138882,1.1913888,0.075444758,-0.92455524,0.083996259,-2.9160037,0.15689698,-4.8431029
1.00825,-0.10141647,2.8985834,-0.063235581,0.93676442,-0.10970494,-1.109705,-0.12544885,-3.1254489,0.075103305,-4.9248967
1.012875,-0.030885786,2.9691143,0.05974561,1.0597456,-0.014203909,-1.0142039,-0.025148027,-3.0251479,0.065366894,-4.9346333
1.0175,-0.026216296,2.9737837,0.035618745,1.0356188,-0.00034742011,-1.0003474,0.010425918,-2.9895742,0.098043397,-4.9019566
1.022125,0.13364513,3.1336451,0.18660986,1.1866099,0.14053541,-0.85946459,0.16692738,-2.8330727,0.075944692,-4.9240551
1.02675,-0.1383146,2.8616853,-0.21544769,0.78455234,-0.13375726,-1.1337572,-0.1658988,-3.1658988,-0.028107099,-5.0281072
1.031375,-0.0232559,2.9767442,-0.050252482,0.9497475,-0.034513958,-1.034514,-0.050685391,-3.0506854,-0.063895538,-5.0638957
1.036,-0.029573446,2.9704266,-0.036001205,0.96399879,-0.0031490235,-1.003149,0.011432119,-2.9885678,-0.051868446,-5.0518684
1.040625,0.057193641,3.0571938,-0.031637985,0.96836203,0.064305253,-0.93569475,0.069397308,-2.9306028,-0.0090910047,-5.0090909
1.04525,-0.024568239,2.9754317,-0.16816436,0.83183563,-0.043394741,-1.0433947,-0.059807424,-3.0598075,-0.12063887,-5.1206388
1.049875,0.031190982,3.0311909,-0.26795688,0.73204315,-0.031444225,-1.0314442,-0.062347963,-3.0623479,-0.16402861,-5.1640286
1.0545,-0.016663676,2.9833362,0.028587742,1.0285877,0.019731248,-0.98026878,0.035298828,-2.9647012,-0.097979248,-5.0979791
1.059125,0.046847515,3.0468476,0.018693933,1.0186939,0.040018823,-0.9599812,0.046511672,-2.9534883,0.014073135,-4.9859266
1.06375,-0.011048078,2.9889519,-0.048714738,0.95128524,-0.010187731,-1.0101877,-0.020216547,-3.0202165,-0.0031558638,-5.0031557
1.068375,-0.05090661,2.9490933,0.083947748,1.0839478,-0.010608874,-1.0106089,0.0027535257,-2.9972465,-0.047542177,-5.0475421
1.073,-0.023774732,2.9762254,-0.023260511,0.97673947,-0.036222424,-1.0362225,-0.040407579,-3.0404077,-0.00209766,-5.0020976
1.077625,0.06045923,3.0604591,0.11226696,1.112267,0.055629432,-0.94437057,0.057556745,-2.9424434,0.080068655,-4.9199314
1.08225,0.097143732,3.0971437,0.15653622,1.1565362,0.08066006,-0.91933995,0.085963324,-2.9140368,0.12852888,-4.8714709
1.086875,-0.044497509,2.9555025,-0.035755757,0.96424425,-0.062595509,-1.0625955,-0.073983297,-3.0739832,0.016017744,-4.9839821
1.0915,-0.059543651,2.9404564,0.041115049,1.041115,-0.066812649,-1.0668126,-0.069425851,-3.0694258,0.011051146,-4.9889488
1.096125,-0.084356047,2.9156439,0.033914708,1.0339147,-0.049970604,-1.0499706,-0.05304388,-3.0530438,0.075303428,-4.9246964
1.10075,0.093786582,3.0937865,0.16796291,1.1679629,0.095577464,-0.90442252,0.10704362,-2.8929563,0.19778296,-4.802217
1.105375,0.11746975,3.1174698,0.20218761,1.2021877,0.12599123,-0.87400877,0.14524241,-2.8547575,0.12887399,-4.8711262
1.11,-0.0043642959,2.9956357,-0.042545181,0.9574548,-0.0088458899,-1.0088459,-0.019084239,-3.0190842,-0.023300847,-5.0233006
1.114625,-0.14420487,2.8557951,-0.12132205,0.87867796,-0.10439768,-1.1043977,-0.11047763,-3.1104777,-0.16601773,-5.1660175
1.11925,-0.081792399,2.9182076,-0.31614846,0.68385154,-0.107481,-1.107481,-0.13819526,-3.1381953,-0.1692591,-5.1692591
1.123875,0.0053714411,3.0053713,0.0025432275,1.0025432,0.024825348,-0.97517467,0.032683872,-2.9673162,-0.095379367,-5.0953794
1.1285,0.067051455,3.0670514,0.022314254,1.0223143,0.067649044,-0.93235093,0.076435536,-2.9235644,-0.052151322,-5.0521512
1.133125,0.028352665,3.0283527,-0.067035265,0.93296474,0.034519143,-0.96548086,0.033613879,-2.9663861,-0.064275123,-5.0642753
1.13775,-0.024568239,2.9754317,-0.16405059,0.83594942,-0.040427402,-1.0404274,-0.058707114,-3.058707,-0.085712858,-5.0857129
1.142375,-0.056400135,2.9435999,-0.016419481,0.98358053,-0.039554201,-1.0395542,-0.036132626,-3.0361326,-0.05093592,-5.0509357
1.147,-0.030366955,2.9696331,-0.064434074,0.93556595,-0.039321318,-1.0393213,-0.05099944,-3.0509994,-0.022253035,-5.022253
1.151625,0.0061954693,3.0061955,0.023807526,1.0238075,0.0088331196,-0.99116689,0.013096347,-2.9869037,0.050523251,-4.9494767
1.15625,0.028230585,3.0282307,-0.019463379,0.98053664,0.015221816,-0.98477817,0.0069826315,-2.9930174,0.080962442,-4.9190373
1.160875,0.024690319,3.0246904,0.15067437,1.1506743,0.037137903,-0.96286207,0.052517697,-2.9474823,0.077794708,-4.9222054
1.1655,-0.0043642959,2.9956357,0.034973584,1.0349736,-0.015730444,-1.0157305,-0.022456629,-3.0224566,0.041831512,-4.9581685
1.170125,-0.023561094,2.976439,0.013462793,1.0134628,-0.0074786358,-1.0074786,-0.0019123828,-3.0019124,0.0036262972,-4.9963737
1.17475,-0.022645507,2.9773545,0.050373834,1.0503738,-0.0057519469,-1.005752,4.03511e-05,-2.9999597,-0.0082168169,-5.0082169
1.179375,-0.0068974188,2.9931026,0.02896947,1.0289695,0.011672007,-0.98832798,0.019748719,-2.9802513,-0.0074745761,-5.0074744
1.184,0.0094305417,3.0094306,-0.046490956,0.95350903,0.014756343,-0.98524368,0.013596304,-2.9864037,0.013503104,-4.9864969
1.188625,0.020814333,3.0208144,-0.017366551,0.98263347,0.0044066627,-0.99559331,0.0026604254,-2.9973395,-0.0080562904,-5.0080562
1.19325,0.014618866,3.0146189,0.13533217,1.1353321,0.036675569,-0.96332443,0.058770996,-2.9412291,0.0031131227,-4.9968867
1.197875,-0.0061954693,2.9938045,0.014887577,1.0148876,0.0033493696,-0.99665064,0.0011729194,-2.998827,0.013515108,-4.986485
1.2025,-0.023652654,2.9763474,-0.031237409,0.96876258,-0.029932043,-1.029932,-0.050500557,-3.0505006,0.048709854,-4.9512901
1.207125,-0.0095526194,2.9904473,0.13172953,1.1317295,0.021447454,-0.97855252,0.04145135,-2.9585485,0.057271209,-4.942729
1.21175,-0.0028383182,2.9971616,0.027115036,1.027115,-0.019983917,-1.0199839,-0.030269751,-3.0302699,0.052866112,-4.947134
1.216375,0.0085149547,3.0085149,0.02085625,1.0208563,-0.0040698205,-1.0040698,-0.0089672552,-3.0089672,0.051660042,-4.9483399
1.221,0,3,-0.044737201,0.95526278,0.0014204097,-0.99857956,-0.0014825732,-3.0014825,0.020885294,-4.9791145
1.225625,0,3,-0.018254835,0.98174518,-0.012895036,-1.012895,-0.024348946,-3.024349,0.0062491768,-4.993751
1.23025,0,3,-0.090631396,0.90936863,-0.015871175,-1.0158712,-0.025337288,-3.0253372,-0.057695344,-5.0576954
1.234875,0,3,-0.066463031,0.93353695,-0.0066148913,-1.0066149,-0.013613048,-3.013613,-0.081050672,-5.0810509
1.2395,0,3,-0.14603868,0.85396135,-0.0060999095,-1.0060999,-0.011564805,-3.0115647,-0.10751378,-5.1075139
1.244125,0,3,-0.15182364,0.84817636,-0.013769949,-1.01377,-0.02762449,-3.0276246,-0.10204708,-5.102047
1.24875,0,3,-0.096544944,0.90345508,0.0073092924,-0.99269068,0.0050242823,-2.9949758,-0.10500333,-5.1050034
1.253375,0,3,-0.082403861,0.91759616,-0.0095894048,-1.0095894,-0.017821761,-3.0178218,-0.039393973,-5.0393939
1.258,0,3,0.074690558,1.0746906,0.011848018,-0.98815197,0.022256495,-2.9777434,0.023242556,-4.9767575
1.262625,0,3,0.048850965,1.048851,-0.0062488997,-1.006249,-0.0091826245,-3.0091827,0.071627729,-4.9283724
1.26725,-0.0011902625,2.9988098,0.082370602,1.0823706,0.0052440264,-0.99475598,0.0094276378,-2.9905725,0.10249753,-4.8975024
1.271875,0.021790961,3.021791,0.13299118,1.1329912,0.040246125,-0.95975387,0.051873516,-2.9481266,0.098122962,-4.9018769
1.2765,0.0518222,3.0518222,0.19490409,1.1949041,0.043311015,-0.956689,0.064520508,-2.9354794,0.06654086,-4.9334593
1.281125,0.089452803,3.0894527,0.12647669,1.1264766,0.06295643,-0.93704355,0.075330026,-2.92467,0.050170127,-4.9498301
1.28575,0.037722167,3.0377221,0.053534452,1.0535345,0.049832299,-0.95016772,0.062127218,-2.9378729,0.032682944,-4.9673171
1.290375,0.043215685,3.0432158,0.084996119,1.0849961,0.058700293,-0.94129968,0.081721559,-2.9182785,-0.02490814,-5.0249081
1.295,-0.25633371,2.7436662,-0.27805954,0.72194046,-0.21049193,-1.2104919,-0.21253519,-3.2125351,-0.21702555,-5.2170258
1.299625,-0.29207209,2.7079279,-0.44453853,0.55546147,-0.29901239,-1.2990124,-0.33458212,-3.3345821,-0.2947903,-5.2947903
1.30425,0.088537224,3.0885372,-0.026262544,0.97373748,0.11660261,-0.8833974,0.09511666,-2.9048834,0.00014608447,-4.9998541
1.308875,-0.29848123,2.7015188,-0.36558703,0.634413,-0.29139778,-1.2913978,-0.29644001,-3.2964401,-0.33689111,-5.3368912
1.3135,0.11383793,3.113838,0.13492097,1.134921,0.13179645,-0.86820352,0.13025309,-2.8697469,0.14111274,-4.8588872
1.318125,0.3394995,3.3394995,0.44015819,1.4401581,0.36398861,-0.63601136,0.3861756,-2.6138244,0.3671841,-4.6328158
1.32275,-0.41259381,2.5874062,-0.34381679,0.65618324,-0.44429135,-1.4442914,-0.43971509,-3.4397151,-0.27912077,-5.2791209
1.327375,0.17463288,3.1746328,0.28531888,1.2853189,0.1824645,-0.81753552,0.19204675,-2.8079534,0.29063451,-4.7093654
1.332,-0.45873937,2.5412607,-0.3439396,0.6560604,-0.43512723,-1.4351273,-0.42252746,-3.4225276,-0.12402327,-5.1240234
1.336625,0.55087787,3.5508778,0.66272086,1.6627209,0.53181463,-0.46818537,0.56859332,-2.4314067,0.59817255,-4.4018273
1.34125,-0.4999713,2.5000286,-0.43942183,0.56057817,-0.49141037,-1.4914104,-0.49075106,-3.490751,-0.16524173,-5.1652417
1.345875,0.44601274,3.4460127,0.53484434,1.5348444,0.41944265,-0.58055735,0.47167733,-2.5283227,0.24824944,-4.7517505
1.3505,-0.24113499,2.7588651,-0.22995068,0.77004933,-0.27679375,-1.2767937,-0.27291477,-3.2729149,-0.2837638,-5.2837639
1.355125,0.34288716,3.3428872,0.25996909,1.2599691,0.31026128,-0.68973875,0.28144524,-2.7185547,0.14199841,-4.8580017
1.35975,-0.2903325,2.7096674,-0.53471589,0.46528411,-0.35794908,-1.357949,-0.41771474,-3.4177148,-0.49878952,-5.4987893
1.364375,0.0602456,3.0602455,-0.23530272,0.76469731,-0.037079126,-1.0370791,-0.13559778,-3.1355977,-0.11262846,-5.1126285
1.369,-0.087713189,2.9122868,-0.38030475,0.61969525,-0.20154597,-1.201546,-0.277518,-3.277518,-0.27080271,-5.2708025
1.373625,0.3903451,3.3903451,0.16305956,1.1630596,0.33323568,-0.66676432,0.29544142,-2.7045586,0.22562549,-4.7743745
1.37825,-0.35341641,2.6465836,-0.39982483,0.60017514,-0.34317935,-1.3431793,-0.34892255,-3.3489225,-0.33898923,-5.3389893
1.382875,0.18159132,3.1815913,0.31875968,1.3187597,0.22886957,-0.77113044,0.24928226,-2.7507176,0.17939822,-4.8206019
1.3875,-0.19288357,2.8071165,-0.04517369,0.9548263,-0.17110343,-1.1711035,-0.14239965,-3.1423995,0.062321648,-4.9376783
1.392125,0.30012926,3.3001292,0.462623,1.462623,0.35406223,-0.6459378,0.38743868,-2.6125612,0.41237336,-4.5876265
1.39675,-0.25999606,2.7400041,-0.078733265,0.92126673,-0.21340463,-1.2134047,-0.16765271,-3.1676526,-0.089959443,-5.0899596
1.401375,0.092291124,3.0922911,0.14525585,1.1452558,0.11686904,-0.88313097,0.11922223,-2.8807778,0.24079561,-4.7592044
1.406,-0.071507312,2.9284928,0.027994394,1.0279944,-0.069104344,-1.0691043,-0.051582836,-3.0515828,0.029229011,-4.9707708
1.410625,0.24333239,3.2433324,0.2897408,1.2897408,0.25415248,-0.74584752,0.25117579,-2.7488241,0.28058913,-4.7194109
1.41525,-0.33290726,2.6670928,-0.29819736,0.70180261,-0.32617626,-1.3261763,-0.32554689,-3.325547,-0.22294533,-5.2229452
1.419875,0.36412877,3.3641288,0.34124595,1.3412459,0.32103571,-0.67896426,0.35416031,-2.6458397,0.026472811,-4.973527
1.4245,-0.042208541,2.9577916,-0.11162832,0.88837171,-0.069169931,-1.0691699,-0.066003755,-3.0660038,-0.15977629,-5.1597762
1.429125,0.077733293,3.0777333,-0.094144955,0.90585506,0.075762473,-0.92423755,0.05518635,-2.9448137,0.061411303,-4.9385886
1.43375,-0.080937847,2.9190621,-0.11680473,0.88319528,-0.048403643,-1.0484036,-0.0481476,-3.0481477,-0.10134438,-5.1013446
1.438375,-0.15595491,2.8440452,-0.048225679,0.9517743,-0.084639758,-1.0846398,-0.082782395,-3.0827825,-0.078830943,-5.0788307
1.443,-0.083226815,2.9167731,-0.1102234,0.88977659,-0.057303138,-1.0573032,-0.078434251,-3.0784342,0.0089392662,-4.9910607
1.447625,-0.22849989,2.7715001,-0.088374764,0.91162527,-0.19252011,-1.1925201,-0.19389367,-3.1938937,-0.062343627,-5.0623436
1.45225,0.18845823,3.1884582,0.38681889,1.3868189,0.21087511,-0.78912491,0.24898751,-2.7510126,0.16005856,-4.8399415
1.456875,0.01428315,3.0142832,0.10260055,1.1026006,0.017589558,-0.98241043,0.040569145,-2.9594309,0.017297966,-4.9827023
1.4615,-0.10504829,2.8949518,-0.15325648,0.84674352,-0.12057921,-1.1205792,-0.12960845,-3.1296084,-0.066264302,-5.0662642
1.466125,-0.025636423,2.9743636,-0.11626782,0.8837322,-0.030983061,-1.0309831,-0.049412463,-3.0494125,-0.064187065,-5.064187
1.47075,-0.18378873,2.8162112,-0.27506289,0.72493708,-0.18108091,-1.1810809,-0.21048394,-3.210484,-0.24811216,-5.2481122
1.475375,0.13819253,3.1381927,0.01992178,1.0199218,0.09756235,-0.90243763,0.070831478,-2.9291685,-0.080385305,-5.0803852
1.48,0.098089837,3.0980899,-0.13215247,0.86784756,-0.0012197043,-1.0012197,-0.058730822,-3.0587308,-0.19813336,-5.1981335
1.484625,-0.22318949,2.7768104,-0.39391074,0.60608923,-0.25333962,-1.2533396,-0.3179619,-3.3179619,-0.29877493,-5.2987747
1.48925,-0.059330005,2.94067,-0.21526742,0.78473258,-0.06217799,-1.062178,-0.09717638,-3.0971763,-0.17516422,-5.1751642
1.493875,0.048983879,3.0489838,-0.045761287,0.95423871,0.0086432574,-0.99135673,-0.0014844669,-3.0014844,-0.032023091,-5.032023
1.4985,0.078465767,3.0784657,0.19737929,1.1973794,0.10888588,-0.89111412,0.14187352,-2.8581264,0.10918275,-4.8908172
1.503125,0.072148226,3.0721483,0.29583421,1.2958342,0.16964893,-0.83035105,0.22988106,-2.770119,0.28558519,-4.7144146
1.50775,-0.027284479,2.9727156,0.23123997,1.23124,0.13765819,-0.86234182,0.21316651,-2.7868335,0.25821751,-4.7417827
1.512375,-0.094396979,2.9056029,0.27121392,1.2712139,0.11098932,-0.88901067,0.20358975,-2.7964103,0.22671509,-4.7732849
1.517,-0.083226815,2.9167731,0.20178001,1.20178,0.089563154,-0.91043687,0.16824076,-2.8317592,0.20169479,-4.798305
1.521625,0.031587739,3.0315878,0.21940683,1.2194068,0.13190354,-0.86809647,0.18693946,-2.8130605,0.25298104,-4.7470188
1.52625,0.085698903,3.0856988,0.11680926,1.1168092,0.10309509,-0.89690489,0.12639217,-2.8736079,0.16230758,-4.8376923
1.530875,0.033235792,3.0332358,0.040820546,1.0408206,0.023802243,-0.97619778,0.024799347,-2.9752007,-0.017525066,-5.0175252
1.5355,0.0021974079,3.0021975,-0.080720678,0.91927934,-0.079553775,-1.0795537,-0.12690309,-3.1269031,-0.22858104,-5.228581
1.540125,-0.11255611,2.8874438,-0.40630469,0.59369528,-0.2347852,-1.2347852,-0.31737041,-3.3173704,-0.28938091,-5.289381
1.54475,0.044222828,3.0442228,-0.27845064,0.72154939,-0.11850747,-1.1185075,-0.19588514,-3.1958852,-0.29565725,-5.2956572
1.549375,-0.028840976,2.971159,-0.3261891,0.6738109,-0.17218342,-1.1721834,-0.24700178,-3.2470019,-0.25214496,-5.2521448
1.554,0.040743604,3.0407436,-0.29015738,0.70984262,-0.082888938,-1.082889,-0.15147665,-3.1514766,-0.21989326,-5.2198935
1.558625,0.016755234,3.0167553,-0.040837482,0.95916253,-0.017355215,-1.0173552,-0.039304629,-3.0393047,-0.096729897,-5.0967298
1.56325,-0.004303257,2.9956968,-0.092620656,0.90737933,-0.013155721,-1.0131557,-0.023282703,-3.0232828,-0.02657292,-5.0265727
1.567875,-0.020142904,2.9798572,0.068174496,1.0681745,0.013160895,-0.98683912,0.040830791,-2.9591691,0.11013139,-4.8898687
1.5725,-0.017029909,2.98297,0.23082444,1.2308245,0.083950125,-0.9160499,0.14706677,-2.8529332,0.18104288,-4.8189573
1.577125,-0.017579263,2.9824207,0.17075408,1.1707541,0.092904337,-0.90709567,0.15228802,-2.847712,0.24386378,-4.7561364
1.58175,0.016022766,3.0160227,0.25744936,1.2574494,0.11467249,-0.88532752,0.18511243,-2.8148875,0.23712659,-4.7628736
1.586375,0.021241609,3.0212417,0.26086846,1.2608684,0.081538215,-0.9184618,0.13898803,-2.861012,0.1854371,-4.8145628
1.591,-0.012543536,2.9874566,0.041578189,1.0415782,0.004372736,-0.99562728,0.016899666,-2.9831004,0.07417018,-4.9258299
1.595625,0.0038454635,3.0038455,-0.030864429,0.96913558,-0.0031795255,-1.0031796,-0.011279561,-3.0112796,-0.053794138,-5.0537939
1.60025,0,3,-0.088317402,0.91168261,-0.0081637567,-1.0081638,-0.028997241,-3.0289972,-0.11647204,-5.1164722
1.604875,0,3,-0.23435608,0.76564395,-0.058271345,-1.0582713,-0.12143678,-3.1214368,-0.17145208,-5.171452
1.6095,0,3,-0.1253413,0.8746587,-0.043073643,-1.0430737,-0.084700927,-3.0847008,-0.17909712,-5.1790972
1.614125,0,3,-0.1419249,0.85807508,-0.044220202,-1.0442202,-0.090075813,-3.0900757,-0.16377842,-5.1637783
1.61875,0,3,-0.054764502,0.94523549,-0.018587898,-1.0185879,-0.03945709,-3.0394571,-0.075978599,-5.0759788
1.623375,0,3,-0.028796358,0.97120363,-0.0069202962,-1.0069203,-0.0095235221,-3.0095236,0.017274348,-4.9827256
1.628,0,3,0.17187825,1.1718782,0.033030286,-0.96696973,0.075859778,-2.9241402,0.12421076,-4.8757892
1.632625,0,3,0.046408415,1.0464084,0.0034969111,-0.99650311,0.02868527,-2.9713147,0.15487689,-4.8451233
1.63725,0,3,0.21494424,1.2149442,0.0427563,-0.95724368,0.092612319,-2.9073877,0.17343765,-4.8265624
1.641875,0,3,0.12482707,1.124827,0.019234452,-0.98076552,0.051652923,-2.9483471,0.14213584,-4.8578644
1.6465,0,3,0.15310921,1.1531092,0.034710754,-0.96528924,0.064531311,-2.9354687,0.10159191,-4.8984079
1.651125,-0.0036623462,2.9963377,-0.030658931,0.96934104,-0.0029518297,-1.0029519,-0.0080018211,-3.0080018,0.0071893446,-4.9928107
1.65575,0.0067448211,3.0067449,-0.11808225,0.88191777,-0.019999413,-1.0199994,-0.045704097,-3.0457041,-0.099919096,-5.0999193
1.660375,0.0014649385,3.0014648,-0.17568409,0.82431591,-0.034591615,-1.0345917,-0.078573495,-3.0785735,-0.15249594,-5.1524959
1.665,0.010101972,3.010102,-0.25137925,0.74862075,-0.054696839,-1.0546968,-0.10743689,-3.1074369,-0.16621004,-5.1662102
1.669625,-0.0024720838,2.9975278,-0.12781338,0.8721866,-0.031766552,-1.0317665,-0.067570597,-3.0675707,-0.15275908,-5.1527591
1.67425,-0.0030519553,2.996948,-0.15024762,0.84975237,-0.039466243,-1.0394663,-0.070399739,-3.0703998,-0.11339546,-5.1133957
1.678875,-0.0051578041,2.9948423,-0.0010440387,0.99895597,0.012817081,-0.98718292,0.02232101,-2.977679,-0.052916951,-5.052917
1.6835,0.014588346,3.0145884,-0.0089372499,0.99106276,-0.011465968,-1.011466,-0.014643443,-3.0146434,0.0004209888,-4.999579
1.688125,-0.0010681843,2.9989319,-0.006853167,0.99314684,-0.0030121417,-1.0030122,-0.0071774172,-3.0071774,0.042804442,-4.9571958
1.69275,-0.0057376758,2.9942622,-0.010365661,0.98963434,-0.016839275,-1.0168393,-0.030760912,-3.030761,0.061414294,-4.9385858
1.697375,-0.0024720838,2.9975278,0.15295109,1.1529511,0.019045727,-0.98095429,0.033666257,-2.9663336,0.056011021,-4.9439888
1.702,-0.0061344299,2.9938655,0.055700608,1.0557007,0.0044891909,-0.99551082,0.011022978,-2.988977,0.044689845,-4.9553103
1.706625,-0.019440956,2.9805591,0.011155171,1.0111551,-0.00041359037,-1.0004135,-0.0024601393,-3.0024602,0.043283015,-4.956717
1.71125,0.0066532618,3.0066533,0.060132209,1.0601323,0.027426248,-0.97257376,0.039911807,-2.9600883,-0.011939198,-5.011939
1.715875,0.012299379,3.0122993,-0.097743846,0.90225613,-0.0068154689,-1.0068154,-0.013822222,-3.0138223,-0.054836407,-5.0548363
1.7205,0.0016785754,3.0016785,-0.12314849,0.8768515,-0.011066588,-1.0110666,-0.018613817,-3.0186138,-0.076732337,-5.0767322
1.725125,0.012787692,3.0127876,-0.073729947,0.92627007,0.0054349531,-0.99456507,0.0014017822,-2.9985981,-0.064244404,-5.0642443
1.72975,0.013306524,3.0133066,-0.092108712,0.90789127,-0.012340132,-1.0123402,-0.024282424,-3.0242825,-0.030617557,-5.0306177
1.734375,0.00079350831,3.0007935,0.067899302,1.0678993,0.020495025,-0.979505,0.024172042,-2.9758279,0.015818359,-4.9841814
1.739,-0.073277444,2.9267225,0.016196959,1.016197,-0.027538696,-1.0275387,-0.014960485,-3.0149605,0.045901373,-4.9540987
1.743625,-0.0077214465,2.9922786,0.14654475,1.1465447,0.042438731,-0.95756125,0.079745561,-2.9202545,0.16918337,-4.8308167
1.74825,-0.027803311,2.9721966,0.25308973,1.2530897,0.055416983,-0.944583,0.12517533,-2.8748248,0.28714287,-4.7128572
1.752875,-0.022035116,2.9779649,0.1740115,1.1740115,0.066366002,-0.93363398,0.11919722,-2.8808029,0.42481339,-4.5751867
1.7575,0.04419231,3.0441923,0.15899208,1.1589921,0.082933761,-0.91706622,0.13563058,-2.8643694,0.22001223,-4.7799878
1.762125,0.16279128,3.1627913,0.35768092,1.3576809,0.19768406,-0.80231595,0.28152177,-2.7184782,0.15199766,-4.8480024
1.76675,-0.039126068,2.9608738,-0.08913403,0.91086596,0.0010936761,-0.99890631,-0.017167697,-3.0171678,0.012993223,-4.9870067
1.771375,0.066044316,3.0660443,-0.085779324,0.91422069,0.029038757,-0.97096121,-0.00014240094,-3.0001423,-0.12419566,-5.1241956
1.776,-0.03882087,2.961179,-0.46575257,0.5342474,-0.24398462,-1.2439846,-0.33335164,-3.3333516,-0.23502174,-5.2350216
1.780625,0.0044558542,3.0044558,-0.35652703,0.64347297,-0.17369153,-1.1736915,-0.26629549,-3.2662954,-0.27498448,-5.2749844
1.78525,-0.051242329,2.9487576,-0.45927644,0.54072356,-0.30022126,-1.3002212,-0.40509856,-3.4050984,-0.31425145,-5.3142514
1.789875,0.033663064,3.033663,-0.18950872,0.81049126,-0.13182218,-1.1318222,-0.18876423,-3.1887643,-0.28689983,-5.2869
1.7945,-0.013306524,2.9866934,-0.26771721,0.73228276,-0.096563518,-1.0965636,-0.17292404,-3.172924,-0.17891392,-5.1789141
1.799125,-0.056217015,2.943783,-0.011479814,0.98852021,-0.045083165,-1.0450832,-0.051323555,-3.0513237,-0.059947319,-5.0599475
1.80375,0.18940434,3.1894042,0.29829055,1.2982905,0.2147837,-0.78521633,0.26583445,-2.7341657,0.17036666,-4.8296332
1.808375,-0.019440956,2.9805591,0.20784459,1.2078446,0.12885565,-0.87114435,0.18966646,-2.8103335,0.20689003,-4.7931099
1.813,-0.060581312,2.9394188,0.28446078,1.2844608,0.11629999,-0.88370001,0.20255145,-2.7974486,0.26486307,-4.735137
1.817625,-0.054507919,2.945492,0.24875376,1.2487538,0.14531875,-0.85468125,0.22608183,-2.7739182,0.32647127,-4.6735287
1.82225,0.018555887,3.0185559,0.18632036,1.1863203,0.095275104,-0.9047249,0.16586655,-2.8341334,0.26203591,-4.7379642
1.826875,0.011017558,3.0110176,0.1522997,1.1522996,0.083652087,-0.91634792,0.11876602,-2.8812339,0.12763967,-4.8723602
1.8315,0.0078435251,3.0078435,0.020184821,1.0201849,0.014279594,-0.9857204,0.0073122899,-2.9926877,0.035021637,-4.9649782
1.836125,0.24073821,3.2407382,0.072973728,1.0729737,0.13212447,-0.86787552,0.10904546,-2.8909545,-0.06980142,-5.0698013
1.84075,-0.22743171,2.7725682,-0.3716706,0.6283294,-0.29748076,-1.2974808,-0.3515386,-3.3515387,-0.30266905,-5.302669
1.845375,-0.017182508,2.9828174,-0.22325645,0.77674353,-0.11961599,-1.119616,-0.19763821,-3.1976383,-0.28859919,-5.288599
1.85,-0.16446987,2.83553,-0.34753245,0.65246755,-0.25876674,-1.2587668,-0.32517233,-3.3251724,-0.36629426,-5.3662944
1.854625,0.41436395,3.4143639,0.27835256,1.2783525,0.33099738,-0.66900265,0.29754466,-2.7024553,0.21370898,-4.7862911
1.85925,-0.30043447,2.6995654,-0.3757678,0.62423217,-0.31264317,-1.3126432,-0.34169462,-3.3416946,-0.26057866,-5.2605786
1.863875,0.17905821,3.1790583,0.27611735,1.2761173,0.22363545,-0.77636456,0.25780016,-2.7421999,0.17634876,-4.8236513
1.8685,-0.25981295,2.7401872,-0.04024072,0.95975929,-0.15036459,-1.1503646,-0.091940902,-3.0919409,-0.017077059,-5.017077
1.873125,0.39470935,3.3947093,0.60721105,1.6072111,0.55963778,-0.44036222,0.6310764,-2.3689237,0.61948889,-4.3805113
1.87775,-0.023622133,2.976378,0.22654623,1.2265463,0.078898676,-0.92110133,0.1743134,-2.8256867,0.086669348,-4.9133306
1.882375,0.13565941,3.1356595,0.28696883,1.2869688,0.24308725,-0.75691277,0.27813175,-2.7218683,0.26315957,-4.7368402
1.887,-0.47048941,2.5295105,-0.42690921,0.57309079,-0.44710252,-1.4471025,-0.44207367,-3.4420736,-0.075880669,-5.0758805
1.891625,0.39449573,3.3944957,0.32983249,1.3298326,0.36890608,-0.63109392,0.35566291,-2.6443372,0.29709741,-4.7029028
1.89625,0.12036911,3.1203692,-0.030940324,0.96905971,-0.0023828924,-1.0023829,-0.014213946,-3.014214,-0.26821613,-5.2682161
1.900875,0.11588272,3.1158826,-0.11435959,0.88564038,-0.011219307,-1.0112193,-0.098528251,-3.0985281,-0.10958013,-5.10958
1.9055,-0.51825249,2.4817476,-0.91394532,0.086054683,-0.68900043,-1.6890004,-0.79919076,-3.7991908,-0.64421105,-5.6442108
1.910125,0.18671861,3.1867187,-0.15536669,0.84463334,0.033123713,-0.96687627,-0.05268205,-3.0526822,-0.051918037,-5.051918
1.91475,-0.55292273,2.4470773,-0.67530721,0.32469279,-0.5773297,-1.5773296,-0.65066367,-3.6506636,-0.44412464,-5.4441247
1.919375,0.17411405,3.174114,0.18581256,1.1858126,0.18857108,-0.8114289,0.17657885,-2.8234212,0.12110698,-4.8788929
1.924,-0.22227389,2.7777262,-0.13575625,0.86424375,-0.18051977,-1.1805198,-0.15872055,-3.1587205,0.018574933,-4.9814253
1.928625,0.34267354,3.3426735,0.5375632,1.5375632,0.46639222,-0.53360778,0.53673494,-2.4632649,0.56562448,-4.4343758
1.93325,-0.25804278,2.7419572,0.10178313,1.1017832,-0.03384988,-1.0338498,0.049499959,-2.9505,0.1395399,-4.8604603
1.937875,0.26390254,3.2639027,0.5660072,1.5660071,0.4166095,-0.58339047,0.50952393,-2.4904761,0.32258531,-4.6774149
1.9425,-0.16050233,2.8394976,0.13208924,1.1320893,-0.0084681306,-1.0084682,0.068421528,-2.9315784,0.17768271,-4.8223171
1.947125,0.19447058,3.1944706,0.42998365,1.4299836,0.25838649,-0.74161351,0.31261593,-2.6873841,0.2623634,-4.7376366
1.95175,0.0045474134,3.0045474,0.041057084,1.0410571,-0.016914422,-1.0169144,0.0092189964,-2.9907811,-0.035102453,-5.0351024
1.956375,-0.057590388,2.9424095,-0.14050847,0.85949153,-0.081961982,-1.081962,-0.12490174,-3.1249018,-0.16500728,-5.1650071
1.961,0.02798643,3.0279865,-0.27231842,0.72768158,-0.14959542,-1.1495954,-0.22829914,-3.2282991,-0.32651228,-5.3265123
1.965625,-0.045565691,2.9544344,-0.36823916,0.63176084,-0.23113608,-1.2311361,-0.31358403,-3.3135841,-0.30229208,-5.3022919
1.97025,0.25148112,3.2514811,-0.11888632,0.88111365,-0.001170235,-1.0011703,-0.072149411,-3.0721495,-0.23569076,-5.2356906
1.974875,-0.15601596,2.8439841,-0.44397953,0.5560205,-0.2952283,-1.2952282,-0.37441352,-3.3744135,-0.33172229,-5.3317223
1.9795,0.038607232,3.0386071,-0.078506522,0.92149347,-0.0078884,-1.0078884,-0.031457823,-3.0314579,-0.17197092,-5.1719708
1.984125,-0.044283871,2.9557161,-0.11190389,0.88809609,-0.048782103,-1.0487821,-0.046620727,-3.0466208,0.022970876,-4.9770293
1.98875,0.14331983,3.1433198,0.3240684,1.3240684,0.28128287,-0.7187171,0.33876309,-2.661237,0.35228562,-4.6477146
1.993375,-0.036226712,2.9637733,0.27526245,1.2752625,0.17771783,-0.8222822,0.2603206,-2.7396793,0.35100961,-4.6489906
1.998,0.009308463,3.0093086,0.42685562,1.4268556,0.26202843,-0.73797154,0.37165433,-2.6283457,0.31124449,-4.6887555
2.002625,-0.18891603,2.811084,0.17965162,1.1796516,0.061205178,-0.93879485,0.13100831,-2.8689916,0.21604729,-4.7839527
2.00725,0.024720836,3.0247209,0.26550466,1.2655046,0.1281447,-0.87185532,0.17899302,-2.821007,0.24738693,-4.7526131
2.011875,0.067326128,3.0673261,0.12967539,1.1296754,0.086371519,-0.91362846,0.11144919,-2.8885508,0.12186509,-4.8781347
2.0165,0.060367674,3.0603676,-0.027949728,0.97205025,-0.010439878,-1.0104399,-0.042896453,-3.0428965,-0.024958964,-5.0249591
2.021125,-0.055118311,2.9448817,-0.2464084,0.7535916,-0.18437922,-1.1843792,-0.25339592,-3.253396,-0.3168582,-5.3168583
2.02575,-0.061069623,2.9389303,-0.33013558,0.66986442,-0.22332719,-1.2233272,-0.30187824,-3.3018782,-0.36218613,-5.362186
2.030375,-0.031068904,2.9689312,-0.3955228,0.60447717,-0.23639375,-1.2363937,-0.3419731,-3.3419731,-0.36993167,-5.3699317
2.035,0.018250693,3.0182507,-0.34324643,0.65675354,-0.14191666,-1.1419166,-0.22552502,-3.2255249,-0.22905001,-5.2290502
2.039625,0.055118311,3.0551183,-0.031399328,0.96860069,-0.0046470938,-1.0046471,-0.024452938,-3.0244529,-0.11946199,-5.119462
2.04425,-0.0033571508,2.9966428,-0.13281222,0.8671878,-0.034422617,-1.0344226,-0.064461052,-3.064461,0.025358628,-4.9746413
2.048875,0.0080266418,3.0080266,0.11922687,1.1192268,0.035650697,-0.96434933,0.062716067,-2.937284,0.11009385,-4.8899059
2.0535,-0.037416972,2.9625831,0.15631565,1.1563157,0.074340932,-0.92565906,0.12822218,-2.8717778,0.20658553,-4.7934146
2.058125,-0.0054324805,2.9945676,0.3443661,1.3443661,0.16729151,-0.83270848,0.26521876,-2.7347813,0.26466814,-4.735332
2.06275,-0.0017701341,2.99823,0.4310751,1.4310751,0.19269904,-0.80730093,0.30175263,-2.6982474,0.28793341,-4.7120667
2.067375,0.017457183,3.0174572,0.18933544,1.1893355,0.093426809,-0.90657318,0.15100166,-2.8489983,0.23934177,-4.7606583
2.072,0.017762378,3.0177624,0.17318556,1.1731856,0.068735942,-0.93126404,0.11431287,-2.8856871,0.1149447,-4.8850555
2.076625,0.00067143014,3.0006714,0.0052994159,1.0052994,0.016292453,-0.98370755,0.025322195,-2.9746778,-0.016733056,-5.0167332
2.08125,-0.011017558,2.9889824,-0.11051927,0.88948071,-0.062740073,-1.0627401,-0.098418608,-3.0984187,-0.19106358,-5.1910634
2.085875,-0.0084233964,2.9915767,-0.21976809,0.78023189,-0.10512665,-1.1051266,-0.1599565,-3.1599565,-0.24095169,-5.2409515
2.0905,-0.0052493629,2.9947507,-0.3285656,0.6714344,-0.16891991,-1.1689199,-0.26500788,-3.265008,-0.29340622,-5.293406
2.095125,0.0065311841,3.0065312,-0.21548361,0.78451639,-0.10363979,-1.1036398,-0.16132654,-3.1613266,-0.22458088,-5.2245808
2.09975,-0.003265592,2.9967344,-0.14866148,0.85133851,-0.053548913,-1.0535489,-0.096450366,-3.0964503,-0.17331579,-5.173316
2.104375,0.016572118,3.016572,-0.068145745,0.93185425,-0.021818051,-1.021818,-0.045342609,-3.0453427,-0.035829391,-5.0358295
2.109,-0.020753292,2.9792466,0.068721108,1.0687211,0.0060761254,-0.9939239,0.019614451,-2.9803855,0.034164511,-4.9658356
2.113625,0.0053409217,3.0053408,0.11538415,1.1153841,0.037995812,-0.96200418,0.07600756,-2.9239924,0.13671729,-4.8632827
2.11825,-0.015778609,2.9842215,0.24853083,1.2485309,0.067558974,-0.932441,0.12876798,-2.871232,0.19846846,-4.8015313
2.122875,0.011505871,3.0115058,0.17631359,1.1763136,0.073764697,-0.92623532,0.1301873,-2.8698127,0.2113535,-4.7886467
2.1275,9.1558657e-05,3.0000916,0.058969826,1.0589699,0.020460207,-0.97953981,0.04952177,-2.9504783,0.17155865,-4.8284411
2.132125,0.0098272953,3.0098274,0.052121945,1.052122,0.009592629,-0.99040735,0.022819072,-2.977181,0.085295349,-4.9147048
2.13675,-0.011414313,2.9885857,-0.051394965,0.94860506,-0.0031905258,-1.0031905,-0.0038201197,-3.0038202,7.1739982e-05,-4.9999285
2.141375,0.003753905,3.0037539,-0.10281833,0.89718169,-0.02550913,-1.0255091,-0.053760681,-3.0537608,-0.12284524,-5.1228452
2.146,0,3,-0.15182364,0.84817636,-0.038514569,-1.0385146,-0.084966019,-3.0849659,-0.16791175,-5.1679115
2.150625,0,3,-0.13832536,0.86167467,-0.027014699,-1.0270147,-0.062518626,-3.0625186,-0.17280756,-5.1728077
2.15525,0,3,-0.0069419788,0.99305803,0.0010987801,-0.99890125,0.0066322116,-2.9933677,-0.11617925,-5.1161795
2.159875,0,3,0.015812285,1.0158123,0.0080309678,-0.99196905,0.019074894,-2.9809251,-0.065111466,-5.0651116
2.1645,0,3,-0.043580201,0.95641983,-0.007860221,-1.0078602,-0.012003638,-3.0120037,0.0041882014,-4.9958119
2.169125,0,3,0.054764502,1.0547645,-0.0020814806,-1.0020815,-0.004939625,-3.0049396,0.060517471,-4.9394827
2.17375,0,3,0.057078492,1.0570785,-0.012494107,-1.0124941,-0.019828223,-3.0198283,0.10243299,-4.8975668
2.178375,0,3,0.051164955,1.051165,-0.0085920608,-1.008592,-0.015191721,-3.0151918,0.10556468,-4.8944354
2.183,0,3,0.074176334,1.0741763,0.0013271845,-0.99867284,0.0041946429,-2.9958053,0.06114465,-4.9388552
2.187625,0,3,0.094745167,1.0947452,0.0076871016,-0.99231291,0.016253425,-2.9837465,0.074829608,-4.9251704
2.19225,0,3,0.017612057,1.0176121,-0.0028515423,-1.0028515,-0.005150036,-3.0051501,0.032914985,-4.9670849
2.196875,0.0035097478,3.0035098,0.036419872,1.0364199,0.011563696,-0.98843628,0.022435704,-2.9775643,-0.0080847628,-5.0080848
2.2015,0.002929877,3.0029299,-0.040650323,0.95934969,-0.0056536729,-1.0056536,-0.0072065312,-3.0072064,-0.084959507,-5.0849595
2.206125,0.0050967652,3.0050967,-0.11086,0.88914001,-0.0035914003,-1.0035914,-0.0092521273,-3.0092521,-0.092303827,-5.0923038
2.21075,-0.0071415752,2.9928584,-0.059463531,0.9405365,-0.0033558733,-1.0033559,-0.0012697957,-3.0012698,-0.12992553,-5.1299257
2.215375,0.014618866,3.0146189,-0.096067138,0.90393287,-0.0027721399,-1.0027721,-0.0072875423,-3.0072875,-0.094292536,-5.0942926
2.22,-0.0072636534,2.9927363,-0.069612913,0.93038708,-0.012785029,-1.0127851,-0.027135447,-3.0271354,-0.033470392,-5.0334702
2.224625,0.0085759945,3.0085759,0.13867383,1.1386738,0.03264631,-0.9673537,0.051744469,-2.9482555,0.066003464,-4.9339967
2.22925,-0.0022279271,2.997772,0.21850128,1.2185013,0.044018317,-0.95598167,0.086741552,-2.9132586,0.12336497,-4.8766351
2.233875,-0.0036623462,2.9963377,0.20356858,1.2035686,0.059675653,-0.94032437,0.11310066,-2.8868992,0.1847768,-4.8152232
2.2385,-0.00079350831,2.9992065,0.17288452,1.1728845,0.037369251,-0.96263075,0.078847937,-2.9211521,0.19534996,-4.8046498
2.243125,-0.0045168935,2.9954832,0.21094157,1.2109416,0.047242593,-0.95275742,0.092329711,-2.9076703,0.14037229,-4.8596277
2.24775,0.014557826,3.0145578,0.1605965,1.1605965,0.028288441,-0.97171158,0.053384565,-2.9466155,0.091256931,-4.9087429
2.252375,-0.0057681953,2.9942317,0.005416105,1.0054162,-0.0082573658,-1.0082574,-0.017751712,-3.0177517,-0.001103739,-5.0011039
2.257,-0.010590284,2.9894097,-0.21782121,0.78217876,-0.064718813,-1.0647188,-0.11340544,-3.1134055,-0.094169572,-5.0941696
2.261625,0.031160463,3.0311604,-0.13480426,0.86519575,0.0081051718,-0.99189484,-0.026114054,-3.026114,-0.1718796,-5.1718798
2.26625,0.01290977,3.0129099,-0.20319146,0.79680854,-0.070796236,-1.0707963,-0.12667446,-3.1266744,-0.21244349,-5.2124434
2.270875,0.17206922,3.1720693,-0.057016104,0.94298387,0.080586433,-0.91941357,0.032889884,-2.9671102,-0.15211818,-5.1521182
2.2755,0.52688956,3.5268896,0.44975647,1.4497565,0.49239713,-0.50760287,0.48295328,-2.5170467,0.32116374,-4.6788363
2.280125,-0.69984382,2.3001561,-0.90360373,0.096396267,-0.73502463,-1.7350247,-0.78197068,-3.7819707,-0.61612874,-5.6161289
2.28475,-0.15864062,2.8413594,-0.11865997,0.88134003,-0.15373071,-1.1537308,-0.1439368,-3.1439369,-0.14522889,-5.1452289
2.289375,0.048983879,3.0489838,0.13318752,1.1331875,0.079775415,-0.92022461,0.096674196,-2.9033258,0.078123309,-4.9218769
2.294,0.4648433,3.4648433,0.62849402,1.628494,0.49721012,-0.50278986,0.56942743,-2.4305725,0.48514116,-4.5148587
2.298625,-0.72227567,2.2777243,-0.45732346,0.54267657,-0.63995266,-1.6399527,-0.57849085,-3.5784907,-0.39862493,-5.3986249
2.30325,-0.13669707,2.8633029,0.068734095,1.068734,-0.083266698,-1.0832667,-0.02927226,-3.0292723,0.088285819,-4.9117141
2.307875,0.075810567,3.0758107,0.18765357,1.1876535,0.10095576,-0.89904422,0.13778912,-2.862211,0.16153961,-4.8384604
2.3125,0.58362538,3.5836253,0.77375847,1.7737584,0.62265599,-0.37734401,0.67049795,-2.3295021,0.64401448,-4.3559856
2.317125,-0.59320855,2.4067914,-0.49075007,0.50924993,-0.54266965,-1.5426697,-0.54800242,-3.5480025,-0.27967143,-5.2796717
2.32175,-0.14573085,2.854269,-0.17568421,0.82431579,-0.15885356,-1.1588535,-0.16827574,-3.1682758,-0.11054948,-5.1105494
2.326375,0.049624793,3.0496247,-0.033293292,0.96670669,0.013832978,-0.98616701,-0.00070930866,-3.0007093,-0.0081073362,-5.0081072
2.331,0.60245591,3.6024559,0.3851977,1.3851976,0.56791162,-0.43208838,0.53201264,-2.4679873,0.31928048,-4.6807194
2.335625,0.42950165,3.4295015,0.27703524,1.2770352,0.40284911,-0.59715092,0.38893697,-2.611063,0.077830449,-4.9221697
2.34025,0.051852718,3.0518527,-0.077602342,0.92239767,0.048863702,-0.95113629,0.02516081,-2.9748392,-0.15507534,-5.1550756
2.344875,-0.38591972,2.6140802,-0.44351244,0.55648756,-0.38477179,-1.3847718,-0.38566074,-3.3856606,-0.36914784,-5.3691478
2.3495,-0.081883952,2.9181161,-0.1230216,0.8769784,-0.066020556,-1.0660206,-0.06621252,-3.0662124,-0.051445641,-5.0514455
2.354125,0.30098382,3.3009839,0.22860727,1.2286073,0.30086997,-0.69913006,0.28522661,-2.7147734,0.20126981,-4.7987304
2.35875,0.28490004,3.2849,0.27731529,1.2773153,0.26398683,-0.73601317,0.26830855,-2.7316914,0.20755342,-4.7924466
2.363375,-0.035829958,2.96417,-0.015903905,0.98409611,-0.032846022,-1.032846,-0.035963312,-3.0359633,-0.02065663,-5.0206566
2.368,-0.7281965,2.2718034,-0.64167887,0.35832113,-0.71179837,-1.7117984,-0.71616358,-3.7161636,-0.5589807,-5.5589809
2.372625,-0.095068403,2.9049315,-0.0062367767,0.99376321,-0.10652689,-1.1065269,-0.1001211,-3.100121,-0.058211327,-5.0582113
2.37725,0.13022693,3.1302269,0.11325765,1.1132576,0.1228493,-0.87715071,0.1197793,-2.8802207,0.10103983,-4.8989601
2.381875,0.7006374,3.7006373,0.65358621,1.6535861,0.6811921,-0.3188079,0.69427973,-2.3057203,0.4998571,-4.5001431
2.3865,-0.355919,2.6440811,-0.39178589,0.60821414,-0.37516639,-1.3751664,-0.38162699,-3.3816271,-0.31993404,-5.3199339
2.391125,-0.16599585,2.8340042,-0.098890059,0.90110993,-0.15150994,-1.15151,-0.13452868,-3.1345286,-0.10044417,-5.1004443
2.39575,-0.12863991,2.8713601,-0.10164332,0.89835668,-0.13710722,-1.1371073,-0.14293109,-3.142931,-0.060507338,-5.0605073
2.400375,0.71290624,3.7129064,0.82886302,1.828863,0.71110958,-0.28889042,0.72923458,-2.2707653,0.70624447,-4.2937555
2.405,0.012451977,3.0124519,0.10719714,1.1071972,0.04054974,-0.95945024,0.038349792,-2.9616501,0.077897593,-4.9221025
2.409625,-0.086126171,2.9138739,0.046928428,1.0469284,-0.066780239,-1.0667802,-0.044804152,-3.0448041,0.1549191,-4.8450809
2.41425,-0.20756347,2.7924366,-0.16938259,0.83061743,-0.22268179,-1.2226818,-0.21574943,-3.2157495,0.017776232,-4.982224
2.418875,0.54349214,3.5434921,0.62589598,1.625896,0.53240669,-0.46759331,0.55150527,-2.4484947,0.48363605,-4.5163641
2.4235,-0.072422899,2.927577,-0.11471755,0.88528246,-0.060642846,-1.0606428,-0.092153974,-3.092154,0.069853865,-4.9301462
2.428125,-0.0054629999,2.9945371,-0.13376106,0.86623895,-0.029042093,-1.0290421,-0.043322932,-3.043323,0.030703302,-4.9692969
2.43275,-0.070317052,2.929683,-0.20864242,0.79135758,-0.10325968,-1.1032597,-0.11916599,-3.1191659,-0.24859309,-5.2485933
2.437375,0.23130769,3.2313077,0.12589246,1.1258924,0.18763128,-0.81236875,0.16652843,-2.8334715,0.071316987,-4.9286828
2.442,-0.052066356,2.9479337,-0.14565451,0.8543455,-0.11773191,-1.1177319,-0.15879485,-3.1587949,-0.24051306,-5.2405128
2.446625,-0.086065136,2.9139349,-0.37634268,0.62365735,-0.19436902,-1.1943691,-0.28073224,-3.2807322,-0.2888954,-5.2888956
2.45125,0.097021654,3.0970216,-0.056601763,0.94339824,0.010408306,-0.98959172,-0.034644999,-3.0346451,-0.20007335,-5.2000732
2.455875,0.27833831,3.2783384,0.25725526,1.2572553,0.21800916,-0.78199083,0.22787361,-2.7721264,-0.035636675,-5.0356369
2.4605,-0.25373954,2.7462604,-0.35208425,0.64791572,-0.26904014,-1.2690401,-0.30234855,-3.3023486,-0.26928276,-5.2692828
2.465125,-0.027620196,2.9723797,-0.049346019,0.95065397,-0.030810015,-1.03081,-0.038921203,-3.0389211,0.029285029,-4.970715
2.46975,0.16721661,3.1672165,0.21838157,1.2183815,0.19841921,-0.80158079,0.22956491,-2.7704351,0.225199,-4.7748008
2.474375,-0.049685832,2.9503143,0.17515714,1.1751572,0.068786651,-0.93121338,0.12997597,-2.870024,0.23669294,-4.7633071
2.479,0.00033571507,3.0003357,0.32005242,1.3200524,0.16254832,-0.8374517,0.24203764,-2.7579625,0.33423051,-4.6657696
2.483625,-0.14731789,2.8526821,0.04345797,1.043458,0.015159958,-0.98484004,0.062771387,-2.9372287,0.23980513,-4.7601948
2.48825,0.094366461,3.0943666,0.37821627,1.3782163,0.24270074,-0.75729924,0.31712109,-2.682879,0.24116126,-4.7588387
2.492875,0.0087285917,3.0087285,0.16762277,1.1676228,0.096495047,-0.90350497,0.15394555,-2.8460546,0.13342477,-4.8665752
2.4975,-0.016938351,2.9830616,-0.026837099,0.97316289,-0.010617206,-1.0106173,0.00033124903,-2.9996688,0.030242918,-4.9697571
2.502125,-0.071843028,2.9281569,-0.10295338,0.89704663,-0.099039413,-1.0990394,-0.12043783,-3.1204379,-0.093801208,-5.093801
2.50675,0.062687166,3.0626872,-0.10212056,0.89787942,-0.041064169,-1.0410641,-0.08276017,-3.0827601,-0.25066933,-5.2506695
2.511375,-0.046816994,2.9531829,-0.30469868,0.69530129,-0.18840943,-1.1884094,-0.2615931,-3.2615931,-0.30819747,-5.3081975
2.516,0.00048831286,3.0004883,-0.30161634,0.69838369,-0.18458864,-1.1845887,-0.25699142,-3.2569914,-0.31309265,-5.3130927
2.520625,0.012818212,3.0128181,-0.33813736,0.66186261,-0.17110164,-1.1711017,-0.25625724,-3.2562573,-0.30639663,-5.3063965
2.52525,0.013764318,3.0137644,-0.20876467,0.79123533,-0.08832185,-1.0883218,-0.15111154,-3.1511116,-0.23826861,-5.2382689
2.529875,-0.073155373,2.9268446,-0.20620997,0.79379004,-0.085690521,-1.0856905,-0.11956427,-3.1195643,-0.12628227,-5.1262822
2.5345,0.0030214356,3.0030215,-0.0075200871,0.99247992,0.0021564618,-0.99784356,0.0067045572,-2.9932954,0.010379972,-4.9896202
2.539125,0.028352665,3.0283527,0.11011375,1.1101137,0.079092845,-0.92090714,0.1178927,-2.8821073,0.13291998,-4.8670802
2.54375,0.054599475,3.0545995,0.31068134,1.3106813,0.1518952,-0.84810483,0.23285952,-2.7671404,0.22817954,-4.7718205
2.548375,-0.02121109,2.9787889,0.11595728,1.1159573,0.068177797,-0.93182218,0.10824501,-2.8917551,0.22302824,-4.7769718
2.553,-0.06454885,2.935451,0.17854896,1.1785489,0.097726546,-0.90227348,0.16915531,-2.8308446,0.24393509,-4.7560649
2.557625,0.021485765,3.0214858,0.26818314,1.2681831,0.14470907,-0.85529095,0.21897483,-2.7810252,0.24309468,-4.7569056
2.56225,0.019898748,3.0198987,0.22005914,1.2200592,0.1071012,-0.8928988,0.17364369,-2.8263564,0.1890779,-4.8109221
2.566875,0.012116262,3.0121162,0.058524676,1.0585247,0.036273595,-0.9637264,0.059468675,-2.9405313,0.049807202,-4.9501929
2.5715,-0.011658469,2.9883416,-0.084035024,0.91596496,-0.033630975,-1.033631,-0.060398478,-3.0603986,-0.071132302,-5.0711322
2.576125,0.010437686,3.0104377,-0.13084446,0.86915553,-0.057258703,-1.0572587,-0.096411444,-3.0964115,-0.17828842,-5.1782885
2.58075,-0.010437686,2.9895623,-0.26651958,0.73348045,-0.1072364,-1.1072364,-0.17259748,-3.1725974,-0.24935429,-5.2493544
2.585375,-0.021485765,2.9785142,-0.22871669,0.77128333,-0.13389055,-1.1338905,-0.21247269,-3.2124727,-0.26211065,-5.2621107
2.59,-0.010163011,2.9898369,-0.20736665,0.79263335,-0.10236929,-1.1023693,-0.16507357,-3.1650736,-0.23805891,-5.238059
2.594625,0.018952642,3.0189526,-0.089290813,0.9107092,-0.046512943,-1.046513,-0.078677736,-3.0786777,-0.13120441,-5.1312046
2.59925,0.00012207821,3.0001221,-0.072897263,0.92710274,-0.0086428039,-1.0086428,-0.020343989,-3.020344,-0.050717965,-5.0507178
2.603875,-0.0051883231,2.9948118,0.037106328,1.0371063,0.0099942815,-0.99000573,0.0255826,-2.9744174,0.0595835,-4.9404163
2.6085,-0.0064091058,2.9935908,0.034728546,1.0347285,0.0058468222,-0.9941532,0.021467224,-2.9785328,0.10943529,-4.8905649
2.613125,0.015137698,3.0151377,0.31248581,1.3124858,0.074561104,-0.92543888,0.14548531,-2.8545146,0.1849971,-4.8150029
2.61775,-0.014618866,2.9853811,0.13900456,1.1390046,0.037761156,-0.96223885,0.075526245,-2.9244738,0.18618746,-4.8138127
2.622375,0.0038149438,3.0038149,0.24112779,1.2411277,0.058869354,-0.94113064,0.10719927,-2.8928008,0.19377752,-4.8062224
2.627,0.0013428603,3.0013428,0.11961362,1.1196136,0.035700053,-0.96429992,0.055349678,-2.9446504,0.12291735,-4.8770828
2.631625,0,3,0.0111843,1.0111843,-0.0088577997,-1.0088578,-0.015989196,-3.0159893,0.072850794,-4.9271493
2.63625,0,3,0.10297269,1.1029727,0.021683244,-0.97831678,0.037861079,-2.9621389,0.036607459,-4.9633927
2.640875,0,3,-0.060035262,0.93996471,-0.017241254,-1.0172412,-0.028758217,-3.0287583,-0.005296465,-5.0052962
2.6455,0,3,0.031110352,1.0311104,0.0038355249,-0.9961645,0.012449719,-2.9875503,-0.030173579,-5.0301738
2.650125,0,3,-0.053478949,0.94652104,-0.0023542247,-1.0023543,-0.002138078,-3.0021381,-0.081398174,-5.081398
2.65475,0,3,-0.054764502,0.94523549,0.001462464,-0.99853754,0.0027782805,-2.9972217,-0.057163924,-5.0571637
2.659375,0,3,-0.080089867,0.91991013,0.010983324,-0.98901665,0.015344955,-2.9846551,-0.085792862,-5.085793
2.664,0,3,-0.056435719,0.9435643,-0.0034580426,-1.003458,-0.0075168819,-3.0075169,-0.064658254,-5.0646582
2.668625,0,3,-0.15953694,0.84046304,-0.029829817,-1.0298299,-0.054771982,-3.0547719,-0.086027026,-5.0860271
2.67325,0,3,0.095902152,1.0959022,0.03562443,-0.96437556,0.063504718,-2.9364953,-0.031565696,-5.0315657
2.677875,0,3,0.088831626,1.0888317,0.014830819,-0.98516917,0.03062767,-2.9693723,-0.033415526,-5.0334153
2.6825,0.0020142903,3.0020144,-0.052750211,0.94724977,-0.01375067,-1.0137507,-0.02455987,-3.02456,-0.035489086,-5.0354891
2.687125,-0.010742882,2.9892571,-0.091989748,0.90801024,-0.0049585113,-1.0049585,-0.012208537,-3.0122085,-0.054376617,-5.0543766
2.69175,0.0039675417,3.0039675,-0.093091615,0.90690839,-0.0053651659,-1.0053651,-0.012143647,-3.0121436,-0.074248292,-5.0742483
2.696375,0.011414313,3.0114143,-0.066233009,0.93376696,0.0021561901,-0.9978438,0.0050258362,-2.9949741,-0.084628403,-5.0846286
2.701,0.0029603965,3.0029604,-0.05591787,0.94408214,0.012183692,-0.98781633,0.02130851,-2.9786916,-0.077902779,-5.0779028
2.705625,0.0041201394,3.0041201,-0.088311024,0.91168898,-0.022842746,-1.0228428,-0.040339645,-3.0403397,-0.025499336,-5.0254993
2.71025,-0.00021363686,2.9997864,0.025625952,1.0256259,0.026970191,-0.97302979,0.03469345,-2.9653065,-0.0024834529,-5.0024834
2.714875,-0.0052798823,2.9947202,0.10064957,1.1006496,0.026826147,-0.97317386,0.043747462,-2.9562526,0.10799375,-4.8920064
2.7195,0.0015564972,3.0015564,0.13872486,1.1387248,0.059240386,-0.9407596,0.10006396,-2.899936,0.16877253,-4.8312273
2.724125,0.0012818212,3.0012817,0.18138762,1.1813877,0.085817024,-0.91418296,0.14477424,-2.8552258,0.22092555,-4.7790747
2.72875,0.00042727371,3.0004272,0.21588574,1.2158858,0.096348129,-0.90365189,0.15362,-2.84638,0.20778695,-4.792213
2.733375,-0.00021363686,2.9997864,0.2093313,1.2093313,0.068394661,-0.93160534,0.12319528,-2.8768048,0.19977462,-4.8002253
2.738,0.0028688379,3.0028689,0.17243309,1.1724331,0.030711664,-0.96928835,0.067556456,-2.9324436,0.13183843,-4.8681617
2.742625,-0.0162364,2.9837637,0.12324595,1.123246,0.020433087,-0.97956693,0.040718552,-2.9592814,0.05166506,-4.9483352
2.74725,0.0046084523,3.0046084,-0.035372201,0.9646278,0.00020423463,-0.99979579,-0.0091372477,-3.0091372,-0.031803451,-5.0318036
2.751875,0.0072026141,3.0072026,-0.10579738,0.89420259,-0.029259607,-1.0292596,-0.061740268,-3.0617402,-0.13300529,-5.1330051
2.7565,-0.05173064,2.9482694,-0.23427898,0.76572102,-0.11587119,-1.1158712,-0.16975075,-3.1697507,-0.16423157,-5.1642318
2.761125,0.11057234,3.1105723,-0.19448909,0.80551088,-0.0024030621,-1.002403,-0.078695484,-3.0786955,-0.18489489,-5.184895
2.76575,0.086645007,3.0866451,-0.068778172,0.93122184,0.034047876,-0.9659521,-0.029690377,-3.0296903,-0.061277401,-5.0612774
2.770375,0.15799972,3.1579998,-0.017992303,0.98200768,0.066119611,-0.93388039,0.012900331,-2.9870996,-0.18267949,-5.1826797
2.775,0.25416681,3.2541668,0.15235113,1.1523511,0.21844941,-0.78155059,0.19021775,-2.8097823,0.079910681,-4.9200892
2.779625,0.013337044,3.0133371,-0.017773308,0.98222667,0.0060872026,-0.99391282,-0.01309391,-3.0130939,0.0045856601,-4.9954143
2.78425,-0.099768415,2.9002316,0.12571736,1.1257174,-0.064386204,-1.0643862,-0.030211853,-3.0302119,0.078532852,-4.9214673
2.788875,-0.077275507,2.9227245,0.072876923,1.0728769,-0.042920314,-1.0429204,0.013920536,-2.9860795,0.12276644,-4.8772335
2.7935,-0.098425552,2.9015744,0.10469162,1.1046916,-0.016030623,-1.0160307,0.051411714,-2.9485884,0.094650686,-4.9053493
2.798125,0.60865146,3.6086514,0.80701208,1.8070121,0.60571069,-0.39428931,0.71867961,-2.2813203,0.5178448,-4.4821553
2.80275,-0.10010413,2.8998959,0.0188094,1.0188094,-0.062555104,-1.0625551,-0.011385548,-3.0113854,0.16273993,-4.8372602
2.807375,0.2366486,3.2366486,0.32907978,1.3290797,0.24682924,-0.75317073,0.30034295,-2.699657,0.16761845,-4.8323817
2.812,-0.078160577,2.9218395,-0.10579994,0.89420009,-0.067937203,-1.0679373,-0.1027004,-3.1027005,-0.052741751,-5.0527415
2.816625,-0.14258733,2.8574126,-0.22434843,0.77565157,-0.16465217,-1.1646521,-0.20339416,-3.2033942,-0.13783377,-5.1378336
2.82125,-0.012085742,2.9879143,-0.11917219,0.88082778,-0.041236542,-1.0412365,-0.089050747,-3.0890508,-0.15379415,-5.1537943
2.825875,0.36373201,3.3637321,0.20830883,1.2083088,0.24525663,-0.75474334,0.20422755,-2.7957726,-0.06829419,-5.068294
2.8305,0.011658469,3.0116584,-0.27270558,0.72729445,-0.089320436,-1.0893204,-0.15692626,-3.1569262,-0.22106661,-5.2210665
2.835125,-0.032411765,2.9675882,-0.12304316,0.87695682,-0.066385999,-1.066386,-0.093684837,-3.0936849,-0.11800796,-5.1180081
2.83975,-0.157664,2.8423359,-0.12886764,0.87113237,-0.15165743,-1.1516575,-0.15206113,-3.1520612,-0.11315596,-5.1131558
2.844375,0.29027146,3.2902715,0.39093018,1.3909302,0.29000679,-0.70999324,0.33740303,-2.6625969,0.22688125,-4.773119
2.849,-0.054813117,2.9451869,0.17594342,1.1759434,0.0366516,-0.96334839,0.094099574,-2.9059005,0.10175674,-4.8982434
2.853625,0.031313062,3.0313129,0.19792055,1.1979206,0.052342881,-0.94765711,0.11409756,-2.8859024,0.22630088,-4.7736993
2.85825,-0.38326451,2.6167355,-0.18490387,0.81509614,-0.29243484,-1.2924348,-0.25259751,-3.2525976,-0.08170379,-5.0817037
2.862875,-0.050631937,2.949368,0.094121173,1.0941212,0.010427787,-0.98957223,0.024073642,-2.9759264,0.098773643,-4.9012265
2.8675,-0.14896592,2.8510342,-0.1484517,0.85154831,-0.099250115,-1.0992501,-0.10306278,-3.1030629,0.034342103,-4.9656577
2.872125,0.00042727371,3.0004272,0.034494393,1.0344944,0.0075636823,-0.99243629,0.0093558058,-2.9906442,-0.045467112,-5.0454669
2.87675,0.030672152,3.0306721,-0.024606571,0.97539341,0.012025448,-0.98797452,0.0025104308,-2.9974895,-0.10989013,-5.10989
2.881375,0.050296221,3.0502963,-0.060389783,0.93961024,0.023446705,-0.97655332,0.016952673,-2.9830472,-0.12592982,-5.1259298
2.886,0.0028688379,3.0028689,-0.099589631,0.90041035,-0.0088274181,-1.0088274,-0.016804706,-3.0168047,-0.12372684,-5.1237268
2.890625,0.089330725,3.0893307,-0.020712502,0.97928751,0.064465277,-0.93553472,0.05595009,-2.9440498,-0.021864798,-5.0218649
2.89525,-0.075413816,2.9245863,-0.055487763,0.94451225,-0.055603281,-1.0556033,-0.065285094,-3.0652852,-0.040961888,-5.0409617
2.899875,-0.090398915,2.909601,0.013216548,1.0132165,-0.084403053,-1.084403,-0.06819398,-3.0681939,0.093901299,-4.9060988
2.9045,0.16392049,3.1639204,0.2857908,1.2857908,0.16318132,-0.8368187,0.21554016,-2.7844598,0.17952788,-4.8204722
2.909125,0.031587739,3.0315878,0.22467762,1.2246776,0.079315536,-0.92068446,0.13600822,-2.8639917,0.17100956,-4.8289905
2.91375,-0.14078669,2.8592134,-0.034214452,0.96578556,-0.10818235,-1.1081823,-0.071698323,-3.0716984,0.14902017,-4.8509798
2.918375,-0.13196655,2.8680334,-0.033107623,0.96689236,-0.13171023,-1.1317103,-0.11066443,-3.1106644,0.0014484897,-4.9985514
2.923,-0.02389681,2.9761033,0.089745954,1.089746,0.013458253,-0.98654175,0.028801698,-2.9711983,0.062288273,-4.9377117
2.927625,0.097601525,3.0976014,0.056978092,1.0569781,0.11791673,-0.8820833,0.12431373,-2.8756862,-0.014771146,-5.014771
2.93225,-0.017029909,2.98297,-0.204849,0.795151,-0.06502068,-1.0650207,-0.10538394,-3.1053839,-0.11737324,-5.1173735
2.936875,0.136575,3.136575,-0.14547504,0.85452497,0.072947554,-0.92705244,-0.0060959575,-3.0060959,-0.16496758,-5.1649675
2.9415,-0.0032961117,2.9967039,-0.19702874,0.80297124,-0.063823842,-1.0638238,-0.12206752,-3.1220675,-0.18468155,-5.1846814
2.946125,0.29875588,3.2987559,0.12276386,1.1227639,0.2479369,-0.7520631,0.22055297,-2.7794471,-0.076687604,-5.0766878
2.95075,-0.091406055,2.9085939,-0.039598323,0.96040165,-0.03141208,-1.0314121,-0.043470409,-3.0434704,-0.047967952,-5.0479679
2.955375,-0.049838427,2.9501615,-0.060379952,0.93962002,-0.042572469,-1.0425725,-0.054049499,-3.0540495,-0.013823609,-5.0138235
2.96,-0.12580161,2.8741984,0.005453214,1.0054532,-0.079220556,-1.0792205,-0.052971166,-3.0529711,0.12494593,-4.8750539
2.964625,-0.26277331,2.7372267,-0.057342142,0.94265783,-0.16818343,-1.1681834,-0.11371804,-3.113718,0.03477627,-4.9652238
2.96925,-0.08572942,2.9142706,0.19979164,1.1997917,0.0068173162,-0.99318266,0.089691371,-2.9103086,0.25273046,-4.7472696
2.973875,-0.16923092,2.8307691,0.026172936,1.0261729,-0.096711263,-1.0967113,-0.032151811,-3.0321517,0.16899666,-4.8310032
2.9785,-0.033144236,2.9668558,0.23887852,1.2388785,0.042462062,-0.95753795,0.10197461,-2.8980255,0.16978458,-4.8302155
2.983125,0.054477401,3.0544775,0.13623849,1.1362385,0.081284605,-0.91871542,0.10918076,-2.8908193,0.096541516,-4.9034586
2.98775,0.060581312,3.0605812,0.012887347,1.0128874,0.053504199,-0.94649577,0.051575668,-2.9484243,-0.013037832,-5.0130377
2.992375,0.21314855,3.2131486,0.070709422,1.0707095,0.18220137,-0.81779861,0.16310151,-2.8368986,-0.024696253,-5.0246964
2.997,-0.060123518,2.9398766,-0.23380154,0.76619846,-0.097526856,-1.0975269,-0.14558278,-3.1455827,-0.25440004,-5.2544003
2.9999375,-0.14747047,2.8525295,-0.35585839,0.64414161,-0.11991878,-1.1199188,-0.1593128,-3.1593127,-0.3014614,-5.3014612
