amostra,ruido,snr_alvo_db,snr_entrada_observado_db,metodo,snr_saida_db,melhoria_snr_db,mse,si_sdr_db,tempo_processamento_s,duracao_audio_s,rtf,latencia_algoritmica_ms,memoria_aproximada_kb
speech_jackson,white,-5,-4.999999857463287,noisy,-4.999999857463287,0.0,0.07962397371697304,-5.006305154572903,7.200000254670158e-06,3.0,2.4000000848900527e-06,0.0,187.5
speech_jackson,white,-5,-4.999999857463287,stft_subtraction,4.4233644051154455,9.423364262578733,0.009093004825681048,2.673346947437145,0.006540399997902568,3.0,0.0021801333326341896,32.0,1788.9609375
speech_jackson,white,-5,-4.999999857463287,stft_wiener,1.2566164783085956,6.2566163357718825,0.018853075822127172,0.3842576057734029,0.0038420999990194105,3.0,0.0012806999996731367,32.0,1788.9609375
speech_jackson,white,-5,-4.999999857463287,wavelet_soft,1.2651172928769319,6.2651171503402185,0.018816209189396964,-4.631471509787869,0.0010158000004594214,3.0,0.00033860000015314046,32.0,375.25
speech_jackson,white,0,3.3592286414836714e-08,noisy,3.3592286414836714e-08,0.0,0.02517931194763472,-0.003540616133111266,7.000002369750291e-06,3.0,2.333334123250097e-06,0.0,187.5
speech_jackson,white,0,3.3592286414836714e-08,stft_subtraction,8.476024643801939,8.476024610209652,0.003576361390169593,7.850475682986651,0.006857299998955568,3.0,0.0022857666663185228,32.0,1788.9609375
speech_jackson,white,0,3.3592286414836714e-08,stft_wiener,5.947725438760307,5.947725405168021,0.006401346239152969,5.539340214871064,0.003615899997384986,3.0,0.0012052999991283286,32.0,1788.9609375
speech_jackson,white,0,3.3592286414836714e-08,wavelet_soft,3.2193574553670734,3.219357421774787,0.011997979513404776,0.7510412826027695,0.0008839000001898967,3.0,0.0002946333333966322,32.0,375.25
speech_jackson,white,5,4.9999997251652415,noisy,4.9999997251652415,0.0,0.00796239814028392,4.998013357202255,8.600000001024455e-06,3.0,2.8666666670081518e-06,0.0,187.5
speech_jackson,white,5,4.9999997251652415,stft_subtraction,12.406559690176229,7.406559965010987,0.0014467313523522612,12.377751895580605,0.005572100002609659,3.0,0.001857366667536553,32.0,1788.9609375
speech_jackson,white,5,4.9999997251652415,stft_wiener,10.551602309175017,5.551602584009776,0.0022176021360558267,10.367571810182689,0.003562199999578297,3.0,0.0011873999998594325,32.0,1788.9609375
speech_jackson,white,5,4.9999997251652415,wavelet_soft,5.654248382971618,0.6542486578063764,0.006848871591231055,4.998941570649376,0.0009167999996861909,3.0,0.00030559999989539693,32.0,375.25
speech_jackson,white,10,9.999999943668833,noisy,9.999999943668833,0.0,0.0025179312493234774,9.998887485339642,6.70000008540228e-06,3.0,2.23333336180076e-06,0.0,187.5
speech_jackson,white,10,9.999999943668833,stft_subtraction,16.319744580751234,6.319744637082401,0.0005875832457223705,16.57187560484634,0.006072699998185271,3.0,0.0020242333327284237,32.0,1788.9609375
speech_jackson,white,10,9.999999943668833,stft_wiener,15.108419500436375,5.108419556767542,0.0007766080934885509,15.029767064684176,0.0037837999989278615,3.0,0.001261266666309287,32.0,1788.9609375
speech_jackson,white,10,9.999999943668833,wavelet_soft,8.553904064993224,-1.4460958786756084,0.003512800251593481,8.789183525728978,0.000872299999173265,3.0,0.00029076666639108833,32.0,375.25
speech_jackson,pink,-5,-4.9999996991207,noisy,-4.9999996991207,0.0,0.0796239708270438,-4.821188549039423,7.300001016119495e-06,3.0,2.4333336720398315e-06,0.0,187.5
speech_jackson,pink,-5,-4.9999996991207,stft_subtraction,4.971632459353475,9.971632158474176,0.00801457718899812,3.378009409649306,0.006524899999931222,3.0,0.0021749666666437406,32.0,1788.9609375
speech_jackson,pink,-5,-4.9999996991207,stft_wiener,2.9993050013440503,7.99930470046475,0.01262156946784576,1.7536963617240133,0.003669699999591103,3.0,0.0012232333331970342,32.0,1788.9609375
speech_jackson,pink,-5,-4.9999996991207,wavelet_soft,-3.8472674693774978,1.152732229743202,0.061061941509996366,-7.69592980662636,0.001403900001605507,3.0,0.00046796666720183566,32.0,375.25
speech_jackson,pink,0,-2.419207789660998e-07,noisy,-2.419207789660998e-07,0.0,0.025179313564013144,0.10126087650607218,6.499998562503606e-06,3.0,2.166666187501202e-06,0.0,187.5
speech_jackson,pink,0,-2.419207789660998e-07,stft_subtraction,8.236632046788095,8.236632288708874,0.0037790327647383216,7.971368193187018,0.00634130000253208,3.0,0.0021137666675106934,32.0,1788.9609375
speech_jackson,pink,0,-2.419207789660998e-07,stft_wiener,7.258592346614582,7.258592588535361,0.004733524476958146,6.691034663134918,0.003498600002785679,3.0,0.0011662000009285596,32.0,1788.9609375
speech_jackson,pink,0,-2.419207789660998e-07,wavelet_soft,0.725163391372224,0.7251636332930029,0.02130725595178396,-1.5791328350966995,0.0009925000013026875,3.0,0.00033083333376756247,32.0,375.25
speech_jackson,pink,5,5.000000285517723,noisy,5.000000285517723,0.0,0.007962397110437145,5.057345714201729,6.79999720887281e-06,3.0,2.266665736290937e-06,0.0,187.5
speech_jackson,pink,5,5.000000285517723,stft_subtraction,11.649649766123893,6.64964948060617,0.0017221813637337874,12.001900853421233,0.006449800002883421,3.0,0.0021499333342944738,32.0,1788.9609375
speech_jackson,pink,5,5.000000285517723,stft_wiener,11.49269497955406,6.492694694036336,0.0017855596522274417,11.252646665911088,0.004341799998655915,3.0,0.0014472666662186384,32.0,1788.9609375
speech_jackson,pink,5,5.000000285517723,wavelet_soft,5.216382537339074,0.21638225182135074,0.007575400672730159,4.021493287403156,0.0009213000012096018,3.0,0.00030710000040320057,32.0,375.25
speech_jackson,pink,10,10.000000235593944,noisy,10.000000235593944,0.0,0.0025179310802959745,10.032552173341447,9.60000033956021e-06,3.0,3.200000113186737e-06,0.0,187.5
speech_jackson,pink,10,10.000000235593944,stft_subtraction,15.328105743740892,5.3281055081469475,0.0007383007128251823,15.94743910260248,0.006055699999706121,3.0,0.002018566666568707,32.0,1788.9609375
speech_jackson,pink,10,10.000000235593944,stft_wiener,15.817760530747368,5.817760295153423,0.0006595805023758585,15.725246341248457,0.003580399999918882,3.0,0.0011934666666396272,32.0,1788.9609375
speech_jackson,pink,10,10.000000235593944,wavelet_soft,9.588912713795146,-0.41108752179879815,0.0027679139891581745,9.0831736589016,0.0008796000001893844,3.0,0.00029320000006312813,32.0,375.25
speech_jackson,hum,-5,-4.999999749732523,noisy,-4.999999749732523,0.0,0.0796239717538418,-5.007045466993279,6.399997801054269e-06,3.0,2.133332600351423e-06,0.0,187.5
speech_jackson,hum,-5,-4.999999749732523,stft_subtraction,12.643553424592827,17.64355317432535,0.0013698989079417938,12.599868865637777,0.0062952999978733715,3.0,0.0020984333326244573,32.0,1788.9609375
speech_jackson,hum,-5,-4.999999749732523,stft_wiener,10.197168855801745,15.19716860553427,0.0024061737040970096,9.994012226946209,0.0036054999982297886,3.0,0.0012018333327432629,32.0,1788.9609375
speech_jackson,hum,-5,-4.999999749732523,wavelet_soft,-5.038946321991818,-0.03894657225929521,0.08034123332986932,-8.077448692023596,0.0009237999984179623,3.0,0.00030793333280598745,32.0,375.25
speech_jackson,hum,0,-2.5299408005308257e-07,noisy,-2.5299408005308257e-07,0.0,0.025179313634166495,-0.003961299768792159,7.199996616691351e-06,3.0,2.39999887223045e-06,0.0,187.5
speech_jackson,hum,0,-2.5299408005308257e-07,stft_subtraction,15.218627633465761,15.218627886459842,0.0007571485562733738,15.29218825666209,0.006063900000299327,3.0,0.002021300000099776,32.0,1788.9609375
speech_jackson,hum,0,-2.5299408005308257e-07,stft_wiener,13.858971552159208,13.858971805153288,0.0010354919016363699,13.737888245341255,0.0038134999995236285,3.0,0.0012711666665078762,32.0,1788.9609375
speech_jackson,hum,0,-2.5299408005308257e-07,wavelet_soft,-0.17333048021479575,-0.1733302272207157,0.0262045623187088,-1.888952885729688,0.0011550000017450657,3.0,0.00038500000058168854,32.0,375.25
speech_jackson,hum,5,4.999999766938487,noisy,4.999999766938487,0.0,0.007962398061559586,4.9977728653177325,1.4000001101521775e-05,3.0,4.666667033840592e-06,0.0,187.5
speech_jackson,hum,5,4.999999766938487,stft_subtraction,17.207098341294678,12.207098574356191,0.0004789983613750294,17.276493654778086,0.00582379999832483,3.0,0.0019412666661082767,32.0,1788.9609375
speech_jackson,hum,5,4.999999766938487,stft_wiener,16.888535349471038,11.888535582532551,0.0005154544898161586,16.813234706460065,0.00376220000180183,3.0,0.0012540666672672767,32.0,1788.9609375
speech_jackson,hum,5,4.999999766938487,wavelet_soft,4.640691664473574,-0.3593081024649125,0.008649175226324976,3.710747195538411,0.0010187999978370499,3.0,0.00033959999927901663,32.0,375.25
speech_jackson,hum,10,9.999999819059562,noisy,9.999999819059562,0.0,0.0025179313199452653,9.998747951553334,6.199999916134402e-06,3.0,2.0666666387114674e-06,0.0,187.5
speech_jackson,hum,10,9.999999819059562,stft_subtraction,19.09849605532178,9.09849623626222,0.00030988050598106467,19.154355375222092,0.006333199999062344,3.0,0.0021110666663541147,32.0,1788.9609375
speech_jackson,hum,10,9.999999819059562,stft_wiener,19.611066847172086,9.611067028112524,0.00027538303198507656,19.56598234732916,0.003927300000214018,3.0,0.0013091000000713393,32.0,1788.9609375
speech_jackson,hum,10,9.999999819059562,wavelet_soft,9.368277646210705,-0.6317221728488569,0.0029121657994921196,8.907209835581337,0.0009370999978273176,3.0,0.00031236666594243917,32.0,375.25
speech_jackson,impulsive,-5,-4.999999700776571,noisy,-4.999999700776571,0.0,0.07962397084299115,-4.822494100248826,6.199999916134402e-06,3.0,2.0666666387114674e-06,0.0,187.5
speech_jackson,impulsive,-5,-4.999999700776571,stft_subtraction,-1.7813064923014241,3.2186932084751465,0.037946743598176166,-4.821711566609878,0.005674600000929786,3.0,0.001891533333643262,32.0,1788.9609375
speech_jackson,impulsive,-5,-4.999999700776571,stft_wiener,-2.630096757604372,2.3699029431721987,0.04613744472791181,-4.821903681295089,0.003214799999113893,3.0,0.001071599999704631,32.0,1788.9609375
speech_jackson,impulsive,-5,-4.999999700776571,wavelet_soft,-4.080327927914989,0.919671772861582,0.0644282974552626,-9.421858682967194,0.0010443999999552034,3.0,0.00034813333331840113,32.0,375.25
speech_jackson,impulsive,0,4.988718995354795e-08,noisy,4.988718995354795e-08,0.0,0.025179311908941373,0.10185273732759716,5.800000508315861e-06,3.0,1.9333335027719536e-06,0.0,187.5
speech_jackson,impulsive,0,4.988718995354795e-08,stft_subtraction,2.85618343750052,2.85618338761333,0.013044442363767535,1.1957178829218293,0.006136200001492398,3.0,0.002045400000497466,32.0,1788.9609375
speech_jackson,impulsive,0,4.988718995354795e-08,stft_wiener,2.1058467818664157,2.105846731979226,0.015504550607869413,1.0318115847815241,0.0036796999993384816,3.0,0.0012265666664461605,32.0,1788.9609375
speech_jackson,impulsive,0,4.988718995354795e-08,wavelet_soft,0.4049609189901755,0.40496086910298557,0.022937589209003628,-2.6167393264835628,0.0009095999994315207,3.0,0.0003031999998105069,32.0,375.25
speech_jackson,impulsive,5,5.000000293650023,noisy,5.000000293650023,0.0,0.007962397077690498,5.059018985860632,5.699999746866524e-06,3.0,1.8999999156221747e-06,0.0,187.5
speech_jackson,impulsive,5,5.000000293650023,stft_subtraction,7.437325414372024,2.437325120722001,0.004542671369764781,6.655306931525386,0.0064868999979807995,3.0,0.002162299999326933,32.0,1788.9609375
speech_jackson,impulsive,5,5.000000293650023,stft_wiener,6.848671281372814,1.848670987722791,0.005202076479395491,6.384302729745757,0.004084199998033,3.0,0.0013613999993443333,32.0,1788.9609375
speech_jackson,impulsive,5,5.000000293650023,wavelet_soft,4.767535373997268,-0.23246491965275506,0.008400213514376467,3.279624253541052,0.0009782000015547965,3.0,0.00032606666718493216,32.0,375.25
speech_jackson,impulsive,10,10.000000151676435,noisy,10.000000151676435,0.0,0.0025179311274037388,10.034838384100812,6.70000008540228e-06,3.0,2.23333336180076e-06,0.0,187.5
speech_jackson,impulsive,10,10.000000151676435,stft_subtraction,11.99257047997844,1.9925703283020049,0.0015914273367772212,11.729205216657178,0.005889399999432499,3.0,0.001963133333144166,32.0,1788.9609375
speech_jackson,impulsive,10,10.000000151676435,stft_wiener,11.630263034517972,1.6302628828415369,0.0017298862923660844,11.4473952670453,0.0030626000007032417,3.0,0.0010208666669010806,32.0,1788.9609375
speech_jackson,impulsive,10,10.000000151676435,wavelet_soft,9.000575064734209,-0.9994250869422263,0.0031694678913207455,8.429411919571088,0.0007819000020390376,3.0,0.00026063333401301253,32.0,375.25
speech_nicolas,white,-5,-5.000000140798119,noisy,-5.000000140798119,0.0,0.07699702036065602,-5.076754740577001,5.49999822396785e-06,3.0,1.8333327413226168e-06,0.0,187.5
speech_nicolas,white,-5,-5.000000140798119,stft_subtraction,4.666347245409867,9.666347386207985,0.008314558254131667,3.0386847494879654,0.005410499998106388,3.0,0.0018034999993687961,32.0,1788.9609375
speech_nicolas,white,-5,-5.000000140798119,stft_wiener,1.373800669847092,6.373800810645211,0.017745728718629603,0.5081584308360829,0.0030727999983355403,3.0,0.0010242666661118467,32.0,1788.9609375
speech_nicolas,white,-5,-5.000000140798119,wavelet_soft,2.051788573049161,7.05178871384728,0.0151808135737579,-2.319279307282694,0.0009260000006179325,3.0,0.00030866666687264416,32.0,375.25
speech_nicolas,white,0,-8.055729385011757e-08,noisy,-8.055729385011757e-08,0.0,0.02434859541475121,-0.06683646319584477,5.899997631786391e-06,3.0,1.9666658772621304e-06,0.0,187.5
speech_nicolas,white,0,-8.055729385011757e-08,stft_subtraction,8.765390775255659,8.765390855812953,0.0032354510033986207,8.208787549272941,0.005942699997831369,3.0,0.001980899999277123,32.0,1788.9609375
speech_nicolas,white,0,-8.055729385011757e-08,stft_wiener,6.102669179791242,6.102669260348536,0.005973199048122891,5.6776000814252985,0.003689099998155143,3.0,0.0012296999993850477,32.0,1788.9609375
speech_nicolas,white,0,-8.055729385011757e-08,wavelet_soft,4.340265783902911,4.340265864460205,0.00896287473189602,2.569198066937342,0.0009714000007079449,3.0,0.0003238000002359816,32.0,375.25
speech_nicolas,white,5,5.000000198190351,noisy,5.000000198190351,0.0,0.007699701437098516,4.938736269315528,6.900001608300954e-06,3.0,2.300000536100318e-06,0.0,187.5
speech_nicolas,white,5,5.000000198190351,stft_subtraction,12.743375682843691,7.74337548465334,0.0012946021878591232,12.739692989745887,0.005751699998654658,3.0,0.001917233332884886,32.0,1788.9609375
speech_nicolas,white,5,5.000000198190351,stft_wiener,10.739355669313333,5.739355471122982,0.0020537063128710613,10.515401366510488,0.0031171000009635463,3.0,0.0010390333336545154,32.0,1788.9609375
speech_nicolas,white,5,5.000000198190351,wavelet_soft,6.9639216041821514,1.9639214059918002,0.004898710158415491,6.528908754284826,0.0008390000002691522,3.0,0.0002796666667563841,32.0,375.25
speech_nicolas,white,10,9.999999831812882,noisy,9.999999831812882,0.0,0.0024348595898013676,9.941867950268847,5.900001269765198e-06,3.0,1.966667089921733e-06,0.0,187.5
speech_nicolas,white,10,9.999999831812882,stft_subtraction,16.520373443005262,6.52037361119238,0.0005425459933884325,16.738594575900308,0.005668799996783491,3.0,0.0018895999989278305,32.0,1788.9609375
speech_nicolas,white,10,9.999999831812882,stft_wiener,15.191541302655281,5.191541470842399,0.0007367493727709134,15.057896159299505,0.003240999998524785,3.0,0.001080333332841595,32.0,1788.9609375
speech_nicolas,white,10,9.999999831812882,wavelet_soft,9.852584569557198,-0.14741526225568435,0.0025189262253631317,10.039148959537679,0.0009987000012188219,3.0,0.00033290000040627393,32.0,375.25
speech_nicolas,pink,-5,-5.000000395247226,noisy,-5.000000395247226,0.0,0.0769970248814076,-4.923436611547328,5.699999746866524e-06,3.0,1.8999999156221747e-06,0.0,187.5
speech_nicolas,pink,-5,-5.000000395247226,stft_subtraction,4.917577701977765,9.917578097224991,0.007847225535304286,3.346173097159308,0.0055379999976139516,3.0,0.0018459999992046505,32.0,1788.9609375
speech_nicolas,pink,-5,-5.000000395247226,stft_wiener,2.171558301904628,7.171558697151854,0.01476787728082814,1.2258551419895487,0.0030817000006209128,3.0,0.0010272333335403043,32.0,1788.9609375
speech_nicolas,pink,-5,-5.000000395247226,wavelet_soft,-3.6018243398777345,1.3981760553694915,0.055802844723575294,-6.757728573848743,0.000843699999677483,3.0,0.00028123333322582766,32.0,375.25
speech_nicolas,pink,0,-3.875024479102904e-07,noisy,-3.875024479102904e-07,0.0,0.02434859713086534,0.01969714906577087,7.199996616691351e-06,3.0,2.39999887223045e-06,0.0,187.5
speech_nicolas,pink,0,-3.875024479102904e-07,stft_subtraction,8.253470280552115,8.253470668054563,0.0036402136748296277,7.9503014242851435,0.005214599997998448,3.0,0.001738199999332816,32.0,1788.9609375
speech_nicolas,pink,0,-3.875024479102904e-07,stft_wiener,6.4554461817620945,6.455446569264542,0.0055071801951729685,6.072050039617444,0.0038825999981781933,3.0,0.0012941999993927311,32.0,1788.9609375
speech_nicolas,pink,0,-3.875024479102904e-07,wavelet_soft,1.0458960119020044,1.0458963994044523,0.01913746034736757,-0.8911202714872163,0.0009448000018892344,3.0,0.00031493333396307815,32.0,375.25
speech_nicolas,pink,5,4.999999744946276,noisy,4.999999744946276,0.0,0.007699702239873353,4.987554731726171,6.299997039604932e-06,3.0,2.099999013201644e-06,0.0,187.5
speech_nicolas,pink,5,4.999999744946276,stft_subtraction,11.328945269397682,6.328945524451406,0.001792996235815784,11.892290468585148,0.0059812999970745295,3.0,0.00199376666569151,32.0,1788.9609375
speech_nicolas,pink,5,4.999999744946276,stft_wiener,10.410939208171362,5.410939463225086,0.0022150318953533168,10.48772301461977,0.003382799997780239,3.0,0.0011275999992600798,32.0,1788.9609375
speech_nicolas,pink,5,4.999999744946276,wavelet_soft,5.562459351359558,0.5624596064132819,0.006764379582451705,4.48595894579772,0.0009064999976544641,3.0,0.0003021666658848214,32.0,375.25
speech_nicolas,pink,10,9.9999998523887,noisy,9.9999998523887,0.0,0.0024348595766385006,9.9694273704137,6.099999154685065e-06,3.0,2.0333330515616885e-06,0.0,187.5
speech_nicolas,pink,10,9.9999998523887,stft_subtraction,14.053631610947303,4.053631758558602,0.0009574381841780607,15.369988665735146,0.005121800000779331,3.0,0.0017072666669264436,32.0,1788.9609375
speech_nicolas,pink,10,9.9999998523887,stft_wiener,13.8824194490306,3.882419596641899,0.0009959372127181464,14.464414972727862,0.0032764000025053974,3.0,0.0010921333341684658,32.0,1788.9609375
speech_nicolas,pink,10,9.9999998523887,wavelet_soft,9.845311943893657,-0.15468790849504366,0.002523147910695062,9.313794998583822,0.0007965999975567684,3.0,0.0002655333325189228,32.0,375.25
speech_nicolas,hum,-5,-4.9999998379545385,noisy,-4.9999998379545385,0.0,0.07699701502295708,-5.0875431156856195,5.999998393235728e-06,3.0,1.9999994644119092e-06,0.0,187.5
speech_nicolas,hum,-5,-4.9999998379545385,stft_subtraction,10.400348738982855,15.400348576937393,0.0022204399413858827,10.327181182158597,0.00532519999978831,3.0,0.0017750666665961035,32.0,1788.9609375
speech_nicolas,hum,-5,-4.9999998379545385,stft_wiener,8.706148793275236,13.706148631229775,0.0032798880891016266,8.442205441411462,0.003399699999135919,3.0,0.0011332333330453064,32.0,1788.9609375
speech_nicolas,hum,-5,-4.9999998379545385,wavelet_soft,-4.962159051502431,0.03784078645210709,0.07632904172898262,-7.316774001454388,0.0008458000011160038,3.0,0.00028193333370533463,32.0,375.25
speech_nicolas,hum,0,3.067662256181407e-07,noisy,3.067662256181407e-07,0.0,0.02434859324016921,-0.07293802478105267,6.800000846851617e-06,3.0,2.266666948950539e-06,0.0,187.5
speech_nicolas,hum,0,3.067662256181407e-07,stft_subtraction,12.676694627890054,12.67669432112383,0.0013146327337813252,12.829611674395336,0.0051574999997683335,3.0,0.0017191666665894445,32.0,1788.9609375
speech_nicolas,hum,0,3.067662256181407e-07,stft_wiener,12.034635270888634,12.034634964122409,0.0015240891728289666,11.88506111059237,0.0036141999989922624,3.0,0.0012047333329974208,32.0,1788.9609375
speech_nicolas,hum,0,3.067662256181407e-07,wavelet_soft,-0.0760850336084637,-0.07608534037468932,0.02477892199937421,-1.4894661526109632,0.0009750000026542693,3.0,0.00032500000088475645,32.0,375.25
speech_nicolas,hum,5,4.9999998598787405,noisy,4.9999998598787405,0.0,0.0076997020333724655,4.935263722512594,6.099999154685065e-06,3.0,2.0333330515616885e-06,0.0,187.5
speech_nicolas,hum,5,4.9999998598787405,stft_subtraction,15.172452308769326,10.172452448890585,0.0007399948104922167,15.477777813508558,0.005697600001440151,3.0,0.0018992000004800502,32.0,1788.9609375
speech_nicolas,hum,5,4.9999998598787405,stft_wiener,15.320598591692251,10.320598731813512,0.0007151778341034898,15.24860522781223,0.00335339999946882,3.0,0.00111779999982294,32.0,1788.9609375
speech_nicolas,hum,5,4.9999998598787405,wavelet_soft,4.725450625272396,-0.2745492346063445,0.008202171440834714,3.880761778661813,0.0008315000013681129,3.0,0.00027716666712270427,32.0,375.25
speech_nicolas,hum,10,9.999999954043494,noisy,9.999999954043494,0.0,0.0024348595204431137,9.939872852412876,5.800000508315861e-06,3.0,1.9333335027719536e-06,0.0,187.5
speech_nicolas,hum,10,9.999999954043494,stft_subtraction,17.856074375768834,7.85607442172534,0.00039890223269373133,18.27835992918392,0.005168600000615697,3.0,0.001722866666871899,32.0,1788.9609375
speech_nicolas,hum,10,9.999999954043494,stft_wiener,18.55933024197592,8.559330287932427,0.00033926642353067203,18.55682328343545,0.0038088000001152977,3.0,0.0012696000000384327,32.0,1788.9609375
speech_nicolas,hum,10,9.999999954043494,wavelet_soft,9.314298087791185,-0.6857018662523089,0.00285130775984114,8.813670345940235,0.0008612000019638799,3.0,0.0002870666673212933,32.0,375.25
speech_nicolas,impulsive,-5,-5.000000108545853,noisy,-5.000000108545853,0.0,0.0769970198534289,-4.969871889764148,5.599998985417187e-06,3.0,1.8666663284723957e-06,0.0,187.5
speech_nicolas,impulsive,-5,-5.000000108545853,stft_subtraction,-0.5128761749375365,4.487123933608316,0.027400691428536822,-4.322656411910845,0.0054388999997172505,3.0,0.001812966666572417,32.0,1788.9609375
speech_nicolas,impulsive,-5,-5.000000108545853,stft_wiener,-1.8252015413137297,3.1747985672321235,0.03706756509183991,-4.572616616540417,0.003059499998926185,3.0,0.001019833332975395,32.0,1788.9609375
speech_nicolas,impulsive,-5,-5.000000108545853,wavelet_soft,-3.887754031822222,1.1122460767236313,0.059600418360454675,-7.922445659047918,0.0009446000003663357,3.0,0.00031486666678877856,32.0,375.25
speech_nicolas,impulsive,0,3.1329392267324355e-07,noisy,3.1329392267324355e-07,0.0,0.02434859314843655,-0.006091342061740183,5.199999577598646e-06,3.0,1.733333192532882e-06,0.0,187.5
speech_nicolas,impulsive,0,3.1329392267324355e-07,stft_subtraction,3.7859052899887753,3.7859049766948525,0.010183178941911075,1.96059469080607,0.005101300001115305,3.0,0.0017004333337051019,32.0,1788.9609375
speech_nicolas,impulsive,0,3.1329392267324355e-07,stft_wiener,2.7887965828708556,2.788796269576933,0.012811330837829475,1.515693548518081,0.003070599999773549,3.0,0.0010235333332578496,32.0,1788.9609375
speech_nicolas,impulsive,0,3.1329392267324355e-07,wavelet_soft,0.7244418950104625,0.7244415817165398,0.020607709091020117,-1.6483066962497288,0.0007404999996651895,3.0,0.00024683333322172984,32.0,375.25
speech_nicolas,impulsive,5,5.000000245269414,noisy,5.000000245269414,0.0,0.007699701341566481,4.973474102701386,6.000002031214535e-06,3.0,2.0000006770715117e-06,0.0,187.5
speech_nicolas,impulsive,5,5.000000245269414,stft_subtraction,7.933767898968033,2.9337676536986192,0.003918294866605671,7.374856962256696,0.005663900003128219,3.0,0.0018879666677094065,32.0,1788.9609375
speech_nicolas,impulsive,5,5.000000245269414,stft_wiener,7.265642664295154,2.26564241902574,0.004569930955385046,6.831759158127364,0.0031029999991005752,3.0,0.0010343333330335251,32.0,1788.9609375
speech_nicolas,impulsive,5,5.000000245269414,wavelet_soft,5.191964649126798,0.19196440385738445,0.007366775572946755,3.9249120371973483,0.0008330000018759165,3.0,0.00027766666729197215,32.0,375.25
speech_nicolas,impulsive,10,9.99999972480439,noisy,9.99999972480439,0.0,0.0024348596538128838,9.961961263115818,6.199999916134402e-06,3.0,2.0666666387114674e-06,0.0,187.5
speech_nicolas,impulsive,10,9.99999972480439,stft_subtraction,12.030422013471192,2.030422288666802,0.0015255684704361216,12.197669801188942,0.005717000000004191,3.0,0.0019056666666680637,32.0,1788.9609375
speech_nicolas,impulsive,10,9.99999972480439,stft_wiener,11.801207226668499,1.8012075018641092,0.0016082486041499942,11.773041655389317,0.0030604000021412503,3.0,0.0010201333340470835,32.0,1788.9609375
speech_nicolas,impulsive,10,9.99999972480439,wavelet_soft,9.406009855042104,-0.5939898697622858,0.00279172682507646,8.817253889014705,0.0008535999986634124,3.0,0.00028453333288780414,32.0,375.25
speech_theo,white,-5,-5.000000387952214,noisy,-5.000000387952214,0.0,0.07433138496780342,-5.000971717521306,1.1199997970834374e-05,3.0,3.7333326569447913e-06,0.0,187.5
speech_theo,white,-5,-5.000000387952214,stft_subtraction,4.8372982161017894,9.837298604054004,0.0077168909779321195,3.1929464174235567,0.005771799998910865,3.0,0.0019239333329702883,32.0,1788.9609375
speech_theo,white,-5,-5.000000387952214,stft_wiener,1.677184153614082,6.677184541566296,0.01597547466316443,0.798752546771949,0.00392939999801456,3.0,0.0013097999993381866,32.0,1788.9609375
speech_theo,white,-5,-5.000000387952214,wavelet_soft,2.064610815203718,7.064611203155932,0.014612048474037607,-2.12463619342966,0.0010265000018989667,3.0,0.00034216666729965556,32.0,375.25
speech_theo,white,0,3.2145649602556315e-07,noisy,3.2145649602556315e-07,0.0,0.023505643970031315,-0.0005376935133068724,7.700000423938036e-06,3.0,2.5666668079793453e-06,0.0,187.5
speech_theo,white,0,3.2145649602556315e-07,stft_subtraction,8.768370079812726,8.768369758356231,0.0031212975997757524,8.231224897409897,0.006052799999451963,3.0,0.002017599999817321,32.0,1788.9609375
speech_theo,white,0,3.2145649602556315e-07,stft_wiener,6.309727833430542,6.309727511974046,0.005497932490463306,5.884118233575894,0.004122499998629792,3.0,0.0013741666662099306,32.0,1788.9609375
speech_theo,white,0,3.2145649602556315e-07,wavelet_soft,4.10301454604273,4.103014224586234,0.009138411950424566,2.1677280539948676,0.001019100000121398,3.0,0.00033970000004046597,32.0,375.25
speech_theo,white,5,4.999999802468338,noisy,4.999999802468338,0.0,0.007433138176088614,4.999705445272936,6.79999720887281e-06,3.0,2.266665736290937e-06,0.0,187.5
speech_theo,white,5,4.999999802468338,stft_subtraction,12.484706700112351,7.484706897644013,0.001326482474386775,12.50450791199546,0.00594229999842355,3.0,0.0019807666661411836,32.0,1788.9609375
speech_theo,white,5,4.999999802468338,stft_wiener,10.796268817986283,5.796269015517945,0.0019567948848878453,10.595148219437213,0.0034761999995680526,3.0,0.0011587333331893508,32.0,1788.9609375
speech_theo,white,5,4.999999802468338,wavelet_soft,6.280930088217253,1.2809302857489149,0.00553451000580286,5.545009460945932,0.0013107999984640628,3.0,0.00043693333282135427,32.0,375.25
speech_theo,white,10,10.000000126211484,noisy,10.000000126211484,0.0,0.0023505645045943206,9.999842788518992,6.70000008540228e-06,3.0,2.23333336180076e-06,0.0,187.5
speech_theo,white,10,10.000000126211484,stft_subtraction,16.15361708333187,6.153616957120386,0.0005699155119811534,16.417970070871057,0.0060354000015649945,3.0,0.002011800000521665,32.0,1788.9609375
speech_theo,white,10,10.000000126211484,stft_wiener,15.210437157037635,5.210437030826151,0.0007081552358192098,15.121396787698059,0.003595900001528207,3.0,0.0011986333338427357,32.0,1788.9609375
speech_theo,white,10,10.000000126211484,wavelet_soft,8.66307093992502,-1.3369291862864632,0.0031979015700226996,8.549840682131983,0.0009633000008761883,3.0,0.00032110000029206276,32.0,375.25
speech_theo,pink,-5,-5.000000212304073,noisy,-5.000000212304073,0.0,0.07433138202364413,-5.182674373214873,6.599999323952943e-06,3.0,2.199999774650981e-06,0.0,187.5
speech_theo,pink,-5,-5.000000212304073,stft_subtraction,1.4905081956696038,6.490508407973676,0.01667713199796926,-1.333113337017839,0.006222199997864664,3.0,0.002074066665954888,32.0,1788.9609375
speech_theo,pink,-5,-5.000000212304073,stft_wiener,-1.024057896590694,3.975942315713379,0.02975623476184585,-2.379748497214847,0.003601599997637095,3.0,0.0012005333325456984,32.0,1788.9609375
speech_theo,pink,-5,-5.000000212304073,wavelet_soft,-3.9234296292421433,1.0765705830619297,0.05801164081399214,-7.539153096033351,0.0010094999997818377,3.0,0.00033649999992727925,32.0,375.25
speech_theo,pink,0,-2.690366853066867e-07,noisy,-2.690366853066867e-07,0.0,0.023505647168773663,-0.10198711227184402,6.800000846851617e-06,3.0,2.266666948950539e-06,0.0,187.5
speech_theo,pink,0,-2.690366853066867e-07,stft_subtraction,5.865545686521584,5.865545955558269,0.006090004553153394,4.61269867566655,0.006574999999429565,3.0,0.0021916666664765216,32.0,1788.9609375
speech_theo,pink,0,-2.690366853066867e-07,stft_wiener,3.769829832874552,3.7698301019112375,0.009867092577689127,3.143874399476717,0.004159699998126598,3.0,0.0013865666660421994,32.0,1788.9609375
speech_theo,pink,0,-2.690366853066867e-07,wavelet_soft,0.6752794559217512,0.6752797249584365,0.02012075351001964,-1.5305374961722504,0.0010164999985136092,3.0,0.0003388333328378697,32.0,375.25
speech_theo,pink,5,5.000000162216276,noisy,5.000000162216276,0.0,0.00743313755479708,4.94306002002897,7.200000254670158e-06,3.0,2.4000000848900527e-06,0.0,187.5
speech_theo,pink,5,5.000000162216276,stft_subtraction,10.197551252721887,5.197551090505611,0.0022460378006348113,9.847793771378571,0.006633599998167483,3.0,0.002211199999389161,32.0,1788.9609375
speech_theo,pink,5,5.000000162216276,stft_wiener,8.531947088023637,3.531946925807361,0.0032959261882770634,8.256719422988064,0.003872199999022996,3.0,0.0012907333330076654,32.0,1788.9609375
speech_theo,pink,5,5.000000162216276,wavelet_soft,5.066363418323565,0.0663632561072891,0.007320417392377529,3.8539427463828075,0.0009589000001142267,3.0,0.0003196333333714089,32.0,375.25
speech_theo,pink,10,10.000000074583062,noisy,10.000000074583062,0.0,0.002350564531228601,9.968289304264813,6.79999720887281e-06,3.0,2.266665736290937e-06,0.0,187.5
speech_theo,pink,10,10.000000074583062,stft_subtraction,14.522727042580668,4.522726967997606,0.0008296587196279885,14.650966926663651,0.006282000002101995,3.0,0.002094000000700665,32.0,1788.9609375
speech_theo,pink,10,10.000000074583062,stft_wiener,13.262921035579042,3.262920960995981,0.001108868591726379,13.146011530310735,0.003995099999883678,3.0,0.001331699999961226,32.0,1788.9609375
speech_theo,pink,10,10.000000074583062,wavelet_soft,9.137747761184174,-0.8622523133988871,0.002866800091882703,8.573582277137113,0.0008658000006107613,3.0,0.0002886000002035871,32.0,375.25
speech_theo,hum,-5,-4.99999963913931,noisy,-4.99999963913931,0.0,0.0743313721706429,-4.906677819589263,6.000002031214535e-06,3.0,2.0000006770715117e-06,0.0,187.5
speech_theo,hum,-5,-4.99999963913931,stft_subtraction,9.49879977294872,14.49879941208803,0.0026381057994577938,9.223624680250332,0.006830700000136858,3.0,0.0022769000000456194,32.0,1788.9609375
speech_theo,hum,-5,-4.99999963913931,stft_wiener,8.41269127191451,13.412690911053819,0.0033876852939886057,7.9827882437054365,0.004694300001574447,3.0,0.0015647666671914824,32.0,1788.9609375
speech_theo,hum,-5,-4.99999963913931,wavelet_soft,-5.020883889370701,-0.020884250231390844,0.07468967595110887,-7.511663657310065,0.0010852000013983343,3.0,0.0003617333337994448,32.0,375.25
speech_theo,hum,0,2.050728949390313e-08,noisy,2.050728949390313e-08,0.0,0.023505645619225305,0.05267294497797413,7.700000423938036e-06,3.0,2.5666668079793453e-06,0.0,187.5
speech_theo,hum,0,2.050728949390313e-08,stft_subtraction,12.159502827883555,12.159502807376265,0.001429624240085164,12.222027640250433,0.00634130000253208,3.0,0.0021137666675106934,32.0,1788.9609375
speech_theo,hum,0,2.050728949390313e-08,stft_wiener,11.95949092906947,11.95949090856218,0.0014970044563282136,11.73563871890249,0.0035186000022804365,3.0,0.0011728666674268122,32.0,1788.9609375
speech_theo,hum,0,2.050728949390313e-08,wavelet_soft,-0.20500293789703983,-0.20500295840432933,0.02464180292860717,-1.766849092806064,0.0009562000013829675,3.0,0.0003187333337943225,32.0,375.25
speech_theo,hum,5,5.00000020988825,noisy,5.00000020988825,0.0,0.007433137477182565,5.029730737059283,6.800000846851617e-06,3.0,2.266666948950539e-06,0.0,187.5
speech_theo,hum,5,5.00000020988825,stft_subtraction,15.166584573560709,10.16658436367246,0.0007153420067553388,15.419390094454432,0.006209200000739656,3.0,0.0020697333335798853,32.0,1788.9609375
speech_theo,hum,5,5.00000020988825,stft_wiener,15.728656355471848,10.7286561455836,0.0006285018357932637,15.625301149446898,0.0035723000000871252,3.0,0.0011907666666957084,32.0,1788.9609375
speech_theo,hum,5,5.00000020988825,wavelet_soft,4.4744335913560365,-0.5255666185322134,0.008389359921501577,3.5313336571964307,0.0009357999988424126,3.0,0.0003119333329474709,32.0,375.25
speech_theo,hum,10,9.999999861271212,noisy,9.999999861271212,0.0,0.0023505646471128263,10.016802258718393,6.599999323952943e-06,3.0,2.199999774650981e-06,0.0,187.5
speech_theo,hum,10,9.999999861271212,stft_subtraction,18.64399085747045,8.643990996199237,0.0003211981981496881,19.000694048466787,0.006315700000413926,3.0,0.002105233333471309,32.0,1788.9609375
speech_theo,hum,10,9.999999861271212,stft_wiener,19.75388881129605,9.75388895002484,0.0002487615791510194,19.71175256436156,0.003442400000494672,3.0,0.0011474666668315574,32.0,1788.9609375
speech_theo,hum,10,9.999999861271212,wavelet_soft,8.944721492453512,-1.0552783688176994,0.0029970917407079875,8.431032871854425,0.0009146000011241995,3.0,0.0003048666670413998,32.0,375.25
speech_theo,impulsive,-5,-5.000000155419934,noisy,-5.000000155419934,0.0,0.07433138102703306,-5.222690849380015,6.800000846851617e-06,3.0,2.266666948950539e-06,0.0,187.5
speech_theo,impulsive,-5,-5.000000155419934,stft_subtraction,-1.7062227047024978,3.293777450717436,0.03481724924928444,-4.714077754943657,0.006458600000769366,3.0,0.002152866666923122,32.0,1788.9609375
speech_theo,impulsive,-5,-5.000000155419934,stft_wiener,-2.7097550596411706,2.2902450957787632,0.0438679856126319,-4.948982382257485,0.0037646999990101904,3.0,0.0012548999996700634,32.0,1788.9609375
speech_theo,impulsive,-5,-5.000000155419934,wavelet_soft,-4.078539705650185,0.9214604497697492,0.06012099457251143,-8.595304901501319,0.0009176999992632773,3.0,0.0003058999997544258,32.0,375.25
speech_theo,impulsive,0,-2.967488596380344e-07,noisy,-2.967488596380344e-07,0.0,0.023505647337411013,-0.12404235372155785,7.300001016119495e-06,3.0,2.4333336720398315e-06,0.0,187.5
speech_theo,impulsive,0,-2.967488596380344e-07,stft_subtraction,2.985600284916607,2.9856005816654667,0.011819855245743954,1.3788429350097884,0.006268099998123944,3.0,0.0020893666660413146,32.0,1788.9609375
speech_theo,impulsive,0,-2.967488596380344e-07,stft_wiener,2.145421948879414,2.1454222456282737,0.014342669500156965,1.1406987354255922,0.0035295000016049016,3.0,0.0011765000005349673,32.0,1788.9609375
speech_theo,impulsive,0,-2.967488596380344e-07,wavelet_soft,0.4674846769240882,0.46748497367294783,0.0211068643048745,-2.188737032461972,0.0009604000006220303,3.0,0.0003201333335406768,32.0,375.25
speech_theo,impulsive,5,5.000000032964007,noisy,5.000000032964007,0.0,0.007433137782796827,4.9309439353167175,6.499998562503606e-06,3.0,2.166666187501202e-06,0.0,187.5
speech_theo,impulsive,5,5.000000032964007,stft_subtraction,7.565480448430007,2.5654804154660003,0.004117410236547662,6.806602288371211,0.006141199999547098,3.0,0.002047066666515699,32.0,1788.9609375
speech_theo,impulsive,5,5.000000032964007,stft_wiener,6.9141655369695325,1.9141655040055259,0.004783608551011228,6.478463146224966,0.0034481000002415385,3.0,0.0011493666667471796,32.0,1788.9609375
speech_theo,impulsive,5,5.000000032964007,wavelet_soft,4.7303686377166105,-0.2696313952473961,0.00790925036010207,3.299791540491726,0.0010087000009662006,3.0,0.0003362333336554002,32.0,375.25
speech_theo,impulsive,10,9.999999792361992,noisy,9.999999792361992,0.0,0.002350564680172456,9.961712362604684,7.099999493220821e-06,3.0,2.366666497740274e-06,0.0,187.5
speech_theo,impulsive,10,9.999999792361992,stft_subtraction,12.105583171919287,2.105583379557295,0.0014474843241742844,11.84631465126056,0.006638399998337263,3.0,0.0022127999994457546,32.0,1788.9609375
speech_theo,impulsive,10,9.999999792361992,stft_wiener,11.6642967415039,1.6642969491419084,0.0016022951239162279,11.483159421521492,0.003926199999114033,3.0,0.0013087333330380109,32.0,1788.9609375
speech_theo,impulsive,10,9.999999792361992,wavelet_soft,8.675962302691913,-1.3240374896700793,0.0031884231616365805,8.04442729759817,0.0009807999995246064,3.0,0.0003269333331748688,32.0,375.25
speech_yweweler,white,-5,-4.999999865032768,noisy,-4.999999865032768,0.0,0.05026675324788181,-4.958166987094858,6.899997970322147e-06,3.0,2.2999993234407157e-06,0.0,187.5
speech_yweweler,white,-5,-4.999999865032768,stft_subtraction,4.680812396190583,9.680812261223352,0.005410029188007943,3.0168627336084377,0.006405699998140335,3.0,0.002135233332713445,32.0,1788.9609375
speech_yweweler,white,-5,-4.999999865032768,stft_wiener,1.4992830531941612,6.499282918226929,0.011255182536738455,0.631762956081387,0.0036729999992530793,3.0,0.0012243333330843598,32.0,1788.9609375
speech_yweweler,white,-5,-4.999999865032768,wavelet_soft,1.2186327915374315,6.2186326565701995,0.01200653161901469,-4.829360304033815,0.0009580000005371403,3.0,0.0003193333335123801,32.0,375.25
speech_yweweler,white,0,4.175981532190529e-07,noisy,4.175981532190529e-07,0.0,0.01589574204772998,0.02360678408742109,6.899997970322147e-06,3.0,2.2999993234407157e-06,0.0,187.5
speech_yweweler,white,0,4.175981532190529e-07,stft_subtraction,8.692656171400662,8.692655753802509,0.0021479058020284717,8.11505495405616,0.006817199999204604,3.0,0.002272399999734868,32.0,1788.9609375
speech_yweweler,white,0,4.175981532190529e-07,stft_wiener,6.1984870298025685,6.198486612204415,0.0038144519216857316,5.797471162679731,0.0035363000024517532,3.0,0.0011787666674839177,32.0,1788.9609375
speech_yweweler,white,0,4.175981532190529e-07,wavelet_soft,3.401914032496363,3.4019136148982096,0.007262555177063308,1.2043042436262317,0.0009258999998564832,3.0,0.0003086333332854944,32.0,375.25
speech_yweweler,white,5,4.999999638914267,noisy,4.999999638914267,0.0,0.005026675898214277,5.013339664105251,6.800000846851617e-06,3.0,2.266666948950539e-06,0.0,187.5
speech_yweweler,white,5,4.999999638914267,stft_subtraction,12.660566912423654,7.660567273509387,0.0008614382607367723,12.668811638375646,0.007080399998812936,3.0,0.0023601333329376453,32.0,1788.9609375
speech_yweweler,white,5,4.999999638914267,stft_wiener,10.84153522122407,5.841535582309803,0.001309565803802006,10.668573111552098,0.0047064999998838175,3.0,0.0015688333332946058,32.0,1788.9609375
speech_yweweler,white,5,4.999999638914267,wavelet_soft,5.974575548026503,0.9745759091122359,0.004016273624963747,5.558923678980055,0.001065199998265598,3.0,0.00035506666608853266,32.0,375.25
speech_yweweler,white,10,10.000000178200136,noisy,10.000000178200136,0.0,0.0015895742921819694,10.007561688729458,1.1200001608813182e-05,3.0,3.733333869604394e-06,0.0,187.5
speech_yweweler,white,10,10.000000178200136,stft_subtraction,16.66650705170645,6.666506873506314,0.0003424760005721163,16.955562254132527,0.006814099997427547,3.0,0.0022713666658091825,32.0,1788.9609375
speech_yweweler,white,10,10.000000178200136,stft_wiener,15.459699210206086,5.45969903200595,0.00045217956010887864,15.389944781771561,0.004023800000140909,3.0,0.0013412666667136364,32.0,1788.9609375
speech_yweweler,white,10,10.000000178200136,wavelet_soft,8.995422967361245,-1.0045772108388906,0.002003265683218078,9.415977078154276,0.0009389000006194692,3.0,0.0003129666668731564,32.0,375.25
speech_yweweler,pink,-5,-5.000000220629892,noisy,-5.000000220629892,0.0,0.05026675734921819,-4.880949048392911,6.899997970322147e-06,3.0,2.2999993234407157e-06,0.0,187.5
speech_yweweler,pink,-5,-5.000000220629892,stft_subtraction,5.335942375386747,10.33594259601664,0.004652502453972897,3.8320899689218484,0.006253300001844764,3.0,0.0020844333339482546,32.0,1788.9609375
speech_yweweler,pink,-5,-5.000000220629892,stft_wiener,2.611800888790663,7.611801109420555,0.008711656831068282,1.6921868863252412,0.0033910999991348945,3.0,0.001130366666378298,32.0,1788.9609375
speech_yweweler,pink,-5,-5.000000220629892,wavelet_soft,-3.9864536932940755,1.0135465273358166,0.039803954177881955,-7.803929652182605,0.0009573999996064231,3.0,0.00031913333320214104,32.0,375.25
speech_yweweler,pink,0,-4.592684933052255e-07,noisy,-4.592684933052255e-07,0.0,0.015895745255158616,0.06725995808610107,7.500002539018169e-06,3.0,2.5000008463393897e-06,0.0,187.5
speech_yweweler,pink,0,-4.592684933052255e-07,stft_subtraction,8.991708045869984,8.991708505138478,0.0020049799958982138,8.630808412572096,0.005943599997408455,3.0,0.0019811999991361517,32.0,1788.9609375
speech_yweweler,pink,0,-4.592684933052255e-07,stft_wiener,7.142552131030156,7.142552590298649,0.0030692031473268104,6.723966911005651,0.0035943999973824248,3.0,0.0011981333324608083,32.0,1788.9609375
speech_yweweler,pink,0,-4.592684933052255e-07,wavelet_soft,0.6854304549181746,0.6854309141866679,0.013574936369531223,-1.5042490853587114,0.001012999997328734,3.0,0.00033766666577624466,32.0,375.25
speech_yweweler,pink,5,5.00000034030403,noisy,5.00000034030403,0.0,0.005026675084030466,5.038000443182553,6.599999323952943e-06,3.0,2.199999774650981e-06,0.0,187.5
speech_yweweler,pink,5,5.00000034030403,stft_subtraction,12.73712120870184,7.73712086839781,0.000846386499505806,12.953671118589957,0.006065099998522783,3.0,0.0020216999995075944,32.0,1788.9609375
speech_yweweler,pink,5,5.00000034030403,stft_wiener,11.668791739497292,6.668791399193262,0.0010824346207193782,11.49580562560377,0.003594199999497505,3.0,0.0011980666664991684,32.0,1788.9609375
speech_yweweler,pink,5,5.00000034030403,wavelet_soft,5.277533861970564,0.277533521666534,0.004715496883559511,4.1464695419893145,0.0010313000020687468,3.0,0.00034376666735624894,32.0,375.25
speech_yweweler,pink,10,9.99999985306773,noisy,9.99999985306773,0.0,0.0015895744114954257,10.021502268654597,8.699997124494985e-06,3.0,2.899999041498328e-06,0.0,187.5
speech_yweweler,pink,10,9.99999985306773,stft_subtraction,16.620142948935126,6.620143095867396,0.0003461517674762668,17.09277480179783,0.007051399999909336,3.0,0.002350466666636445,32.0,1788.9609375
speech_yweweler,pink,10,9.99999985306773,stft_wiener,16.19128138209286,6.191281529025131,0.00038207859672282973,16.12445966148744,0.0038429000014730264,3.0,0.0012809666671576754,32.0,1788.9609375
speech_yweweler,pink,10,9.99999985306773,wavelet_soft,9.773150696109782,-0.22684915695794672,0.0016748109001035307,9.290609647215414,0.0011884999985340983,3.0,0.00039616666617803276,32.0,375.25
speech_yweweler,hum,-5,-5.000000132172783,noisy,-5.000000132172783,0.0,0.05026675632431066,-4.966797789722336,6.400001439033076e-06,3.0,2.1333338130110255e-06,0.0,187.5
speech_yweweler,hum,-5,-5.000000132172783,stft_subtraction,12.008669270873717,17.0086694030465,0.0010009535434906496,11.967994502815607,0.006733099999109982,3.0,0.0022443666663699937,32.0,1788.9609375
speech_yweweler,hum,-5,-5.000000132172783,stft_wiener,9.88119596985696,14.881196102029742,0.0016336584045073107,9.64853054322004,0.00426060000245343,3.0,0.00142020000081781,32.0,1788.9609375
speech_yweweler,hum,-5,-5.000000132172783,wavelet_soft,-5.0143127521613495,-0.014312619988566588,0.050432688856104205,-7.845322569364466,0.0009776999977475498,3.0,0.0003258999992491833,32.0,375.25
speech_yweweler,hum,0,-2.0510599162618943e-08,noisy,-2.0510599162618943e-08,0.0,0.01589574364769472,0.018696176432934843,7.000002369750291e-06,3.0,2.333334123250097e-06,0.0,187.5
speech_yweweler,hum,0,-2.0510599162618943e-08,stft_subtraction,14.933936895310309,14.933936915820908,0.0005103723744122106,15.084518301336358,0.006034999998519197,3.0,0.0020116666661730656,32.0,1788.9609375
speech_yweweler,hum,0,-2.0510599162618943e-08,stft_wiener,13.674588948608935,13.674588969119535,0.0006820590152070517,13.549825596011376,0.0032963000012387056,3.0,0.0010987666670795686,32.0,1788.9609375
speech_yweweler,hum,0,-2.0510599162618943e-08,wavelet_soft,-0.1309548151483261,-0.13095479463772694,0.01638235488772727,-1.7310516846800166,0.0009179999979096465,3.0,0.0003059999993032155,32.0,375.25
speech_yweweler,hum,5,4.999999812297474,noisy,4.999999812297474,0.0,0.005026675695119407,5.010527931352929,6.199999916134402e-06,3.0,2.0666666387114674e-06,0.0,187.5
speech_yweweler,hum,5,4.999999812297474,stft_subtraction,17.567330210270875,12.5673303979734,0.0002783221862534202,17.755659410921602,0.005709999997634441,3.0,0.0019033333325448136,32.0,1788.9609375
speech_yweweler,hum,5,4.999999812297474,stft_wiener,17.16859129917778,12.168591486880306,0.0003050856061110429,17.10156970871114,0.003561899997293949,3.0,0.0011872999990979831,32.0,1788.9609375
speech_yweweler,hum,5,4.999999812297474,wavelet_soft,4.71189563739682,-0.28810417490065365,0.005371446870044312,3.8432289982277585,0.0009288999972341117,3.0,0.00030963333241137053,32.0,375.25
speech_yweweler,hum,10,9.999999811184212,noisy,9.999999811184212,0.0,0.0015895744263050011,10.005931310784264,6.400001439033076e-06,3.0,2.1333338130110255e-06,0.0,187.5
speech_yweweler,hum,10,9.999999811184212,stft_subtraction,20.334196598379375,10.334196787195163,0.00014718419888742144,20.5188027775824,0.006218200000148499,3.0,0.0020727333333828333,32.0,1788.9609375
speech_yweweler,hum,10,9.999999811184212,stft_wiener,20.680267058255637,10.680267247071425,0.00013591085439194366,20.647808669892353,0.004182299999229144,3.0,0.001394099999743048,32.0,1788.9609375
speech_yweweler,hum,10,9.999999811184212,wavelet_soft,9.490479797738473,-0.5095200134457389,0.001787445745612886,9.056795467407985,0.0010522999982640613,3.0,0.00035076666608802043,32.0,375.25
speech_yweweler,impulsive,-5,-5.0000002738813984,noisy,-5.0000002738813984,0.0,0.050266758026632,-5.13365485482154,7.400001777568832e-06,3.0,2.466667259189611e-06,0.0,187.5
speech_yweweler,impulsive,-5,-5.0000002738813984,stft_subtraction,-1.4577224908221054,3.5422777830592933,0.02223581732600221,-4.377648896821475,0.006977500001084991,3.0,0.002325833333694997,32.0,1788.9609375
speech_yweweler,impulsive,-5,-5.0000002738813984,stft_wiener,-2.1263064031153127,2.8736938707660857,0.02593650711932518,-4.198841887512154,0.0036380999990797136,3.0,0.001212699999693238,32.0,1788.9609375
speech_yweweler,impulsive,-5,-5.0000002738813984,wavelet_soft,-4.014546158301199,0.9854541155801995,0.040062261779988555,-9.677184975629237,0.0009479000000283122,3.0,0.00031596666667610407,32.0,375.25
speech_yweweler,impulsive,0,-3.2319521731747636e-07,noisy,-3.2319521731747636e-07,0.0,0.01589574473958293,-0.0747667161174409,7.099999493220821e-06,3.0,2.366666497740274e-06,0.0,187.5
speech_yweweler,impulsive,0,-3.2319521731747636e-07,stft_subtraction,3.275120125885617,3.275120449080834,0.007477713738352388,1.7510464601167999,0.0065121000006911345,3.0,0.002170700000230378,32.0,1788.9609375
speech_yweweler,impulsive,0,-3.2319521731747636e-07,stft_wiener,2.6894987142778595,2.6894990374730767,0.008557186089847029,1.7075727779905614,0.003710799999680603,3.0,0.0012369333332268677,32.0,1788.9609375
speech_yweweler,impulsive,0,-3.2319521731747636e-07,wavelet_soft,0.5273738683384717,0.527374191533689,0.014078081047261999,-2.5164270515870397,0.0014081999979680404,3.0,0.0004693999993226801,32.0,375.25
speech_yweweler,impulsive,5,4.9999998189530155,noisy,4.9999998189530155,0.0,0.005026675684173366,4.9581741354223725,6.199999916134402e-06,3.0,2.0666666387114674e-06,0.0,187.5
speech_yweweler,impulsive,5,4.9999998189530155,stft_subtraction,7.932942588391403,2.9329427694383874,0.0025585068830859844,7.23147255434045,0.006074700002500322,3.0,0.0020249000008334406,32.0,1788.9609375
speech_yweweler,impulsive,5,4.9999998189530155,stft_wiener,7.476827082463457,2.476827263510441,0.0028418302981392594,7.04873065369656,0.0037709000025643036,3.0,0.0012569666675214346,32.0,1788.9609375
speech_yweweler,impulsive,5,4.9999998189530155,wavelet_soft,4.984795922441178,-0.015203896511837733,0.00504430403984133,3.5433316322604003,0.0009119000023929402,3.0,0.0003039666674643134,32.0,375.25
speech_yweweler,impulsive,10,10.00000028615801,noisy,10.00000028615801,0.0,0.0015895742537301975,9.976643788325223,6.300000677583739e-06,3.0,2.1000002258612462e-06,0.0,187.5
speech_yweweler,impulsive,10,10.00000028615801,stft_subtraction,12.54779264311528,2.5477923569572702,0.0008841003934302474,12.320060627989388,0.00696099999913713,3.0,0.00232033333304571,32.0,1788.9609375
speech_yweweler,impulsive,10,10.00000028615801,stft_wiener,12.226387465607516,2.2263871794495067,0.0009520112976240125,12.049207819136939,0.004106500000489177,3.0,0.0013688333334963925,32.0,1788.9609375
speech_yweweler,impulsive,10,10.00000028615801,wavelet_soft,9.330924536324854,-0.669075749833155,0.0018543358482694798,8.812015076386787,0.0010419000027468428,3.0,0.00034730000091561425,32.0,375.25
speech_george,white,-5,-5.000000091828291,noisy,-5.000000091828291,0.0,0.08415702216787867,-5.106645052966366,6.199999916134402e-06,3.0,2.0666666387114674e-06,0.0,187.5
speech_george,white,-5,-5.000000091828291,stft_subtraction,4.657689870898366,9.657689962726657,0.009105868281844336,2.979472658013998,0.0056786999994073994,3.0,0.0018928999998024665,32.0,1788.9609375
speech_george,white,-5,-5.000000091828291,stft_wiener,1.5446775181547243,6.544677609983015,0.018647585162450693,0.5822483175097899,0.0032584000000497326,3.0,0.0010861333333499108,32.0,1788.9609375
speech_george,white,-5,-5.000000091828291,wavelet_soft,0.857576715128649,5.857576806956939,0.021844025721130235,-6.472537422391441,0.0009367999991809484,3.0,0.00031226666639364947,32.0,375.25
speech_george,white,0,-8.644560765831406e-08,noisy,-8.644560765831406e-08,0.0,0.02661278709915633,-0.05971937624593543,6.800000846851617e-06,3.0,2.266666948950539e-06,0.0,187.5
speech_george,white,0,-8.644560765831406e-08,stft_subtraction,8.561495170027062,8.56149525647267,0.003706302254112722,7.961194071133029,0.006204600002092775,3.0,0.002068200000697592,32.0,1788.9609375
speech_george,white,0,-8.644560765831406e-08,stft_wiener,6.189373829395116,6.189373915840724,0.006399602035924258,5.720287268774077,0.0037155000027269125,3.0,0.0012385000009089708,32.0,1788.9609375
speech_george,white,0,-8.644560765831406e-08,wavelet_soft,2.7875825513231507,2.7875826377687583,0.014006579668122953,0.04960316001752965,0.000894299999345094,3.0,0.000298099999781698,32.0,375.25
speech_george,white,5,5.000000206280106,noisy,5.000000206280106,0.0,0.008415701642411387,4.9665582279669165,6.199999916134402e-06,3.0,2.0666666387114674e-06,0.0,187.5
speech_george,white,5,5.000000206280106,stft_subtraction,12.408680384140789,7.408680177860683,0.001528348210203718,12.394979744889156,0.005815399999846704,3.0,0.001938466666615568,32.0,1788.9609375
speech_george,white,5,5.000000206280106,stft_wiener,10.757348418260225,5.757348211980119,0.002235401351277267,10.542578425159533,0.0035365999974601436,3.0,0.001178866665820048,32.0,1788.9609375
speech_george,white,5,5.000000206280106,wavelet_soft,5.039521708542972,0.03952150226286655,0.008339464806356753,4.281385462853847,0.0008897999978216831,3.0,0.00029659999927389435,32.0,375.25
speech_george,white,10,10.000000173526235,noisy,10.000000173526235,0.0,0.0026612785510619643,9.98130016091837,5.900001269765198e-06,3.0,1.966667089921733e-06,0.0,187.5
speech_george,white,10,10.000000173526235,stft_subtraction,16.259121604430355,6.25912143090412,0.0006297645215804679,16.522136510191846,0.006840000001830049,3.0,0.0022800000006100163,32.0,1788.9609375
speech_george,white,10,10.000000173526235,stft_wiener,15.266476095208958,5.266475921682723,0.0007914850959821393,15.17321874667612,0.003908999999111984,3.0,0.0013029999997039947,32.0,1788.9609375
speech_george,white,10,10.000000173526235,wavelet_soft,7.515964632635349,-2.4840355408908863,0.004715132354621923,7.609457373325011,0.0008736999989196192,3.0,0.0002912333329732064,32.0,375.25
speech_george,pink,-5,-5.000000337292776,noisy,-5.000000337292776,0.0,0.08415702696136577,-5.005714464914629,7.599999662488699e-06,3.0,2.5333332208295665e-06,0.0,187.5
speech_george,pink,-5,-5.000000337292776,stft_subtraction,2.7636700950257618,7.763670432318538,0.014083913252278242,0.412898183380878,0.006296200001088437,3.0,0.0020987333336961456,32.0,1788.9609375
speech_george,pink,-5,-5.000000337292776,stft_wiener,-0.013563198672850692,4.986437138619925,0.0266960293422556,-1.1702243170598445,0.004019600000901846,3.0,0.001339866666967282,32.0,1788.9609375
speech_george,pink,-5,-5.000000337292776,wavelet_soft,-3.6853194633537765,1.3146808739389995,0.06217593102942116,-8.910313774519102,0.0009520999992673751,3.0,0.00031736666642245837,32.0,375.25
speech_george,pink,0,2.6874403625634344e-07,noisy,2.6874403625634344e-07,0.0,0.02661278492073873,-0.0032110628137051334,6.199999916134402e-06,3.0,2.0666666387114674e-06,0.0,187.5
speech_george,pink,0,2.6874403625634344e-07,stft_subtraction,6.85959756802374,6.859597299279704,0.00548441858984021,5.857719881471616,0.006564700001035817,3.0,0.0021882333336786055,32.0,1788.9609375
speech_george,pink,0,2.6874403625634344e-07,stft_wiener,4.6800683122209765,4.680068043476941,0.009059068004701581,4.124472106392197,0.0038635999990219716,3.0,0.0012878666663406573,32.0,1788.9609375
speech_george,pink,0,2.6874403625634344e-07,wavelet_soft,0.7130133529905249,0.7130130842464887,0.02258338381827131,-2.319401867029298,0.0009691999985079747,3.0,0.0003230666661693249,32.0,375.25
speech_george,pink,5,4.9999997543847865,noisy,4.9999997543847865,0.0,0.008415702520107515,4.998195529630758,6.899997970322147e-06,3.0,2.2999993234407157e-06,0.0,187.5
speech_george,pink,5,4.9999997543847865,stft_subtraction,10.907086055752915,5.907086301368128,0.002159641902204675,10.689067934678334,0.006585099999938393,3.0,0.002195033333312798,32.0,1788.9609375
speech_george,pink,5,4.9999997543847865,stft_wiener,9.32304909657811,4.323049342193324,0.0031101794040918076,9.076410933365395,0.004003699999884702,3.0,0.001334566666628234,32.0,1788.9609375
speech_george,pink,5,4.9999997543847865,wavelet_soft,4.885131161091244,-0.11486859329354271,0.008641263234859213,3.3615886252781877,0.0009535999997751787,3.0,0.00031786666659172624,32.0,375.25
speech_george,pink,10,9.999999781306096,noisy,9.999999781306096,0.0,0.0026612787913145148,9.998986727195904,5.899997631786391e-06,3.0,1.9666658772621304e-06,0.0,187.5
speech_george,pink,10,9.999999781306096,stft_subtraction,15.023492235787337,5.023492454481241,0.0008370301996944399,15.217685537859687,0.006085999997594627,3.0,0.0020286666658648755,32.0,1788.9609375
speech_george,pink,10,9.999999781306096,stft_wiener,13.98010681414912,3.9801070328430246,0.0010643382488213866,13.87903372798069,0.003875400001561502,3.0,0.0012918000005205006,32.0,1788.9609375
speech_george,pink,10,9.999999781306096,wavelet_soft,8.857179799214181,-1.1428199820919147,0.003462361192011471,8.286336687935792,0.0009367000020574778,3.0,0.00031223333401915926,32.0,375.25
speech_george,hum,-5,-5.000000061041287,noisy,-5.000000061041287,0.0,0.08415702161061582,-5.024543701724504,6.599999323952943e-06,3.0,2.199999774650981e-06,0.0,187.5
speech_george,hum,-5,-5.000000061041287,stft_subtraction,12.947951635555954,17.94795169659724,0.0013498800765600646,12.927598828219441,0.006126899999799207,3.0,0.002042299999933069,32.0,1788.9609375
speech_george,hum,-5,-5.000000061041287,stft_wiener,10.359957148015127,15.359957209056414,0.0024495969698305306,10.143493963792453,0.003979699999035802,3.0,0.0013265666663452673,32.0,1788.9609375
speech_george,hum,-5,-5.000000061041287,wavelet_soft,-5.0878514724225665,-0.08785141138127983,0.0858767298301536,-8.707150012023053,0.0010138999969058204,3.0,0.0003379666656352735,32.0,375.25
speech_george,hum,0,-2.2608072936105832e-07,noisy,-2.2608072936105832e-07,0.0,0.026612787943335603,-0.013788828918170206,6.500002200482413e-06,3.0,2.1666674001608044e-06,0.0,187.5
speech_george,hum,0,-2.2608072936105832e-07,stft_subtraction,16.403434365503504,16.403434591584233,0.0006091817923259705,16.603245884652733,0.006545299998833798,3.0,0.0021817666662779325,32.0,1788.9609375
speech_george,hum,0,-2.2608072936105832e-07,stft_wiener,14.697547611566543,14.697547837647273,0.0009022680726636557,14.592752367941642,0.0034856999991461635,3.0,0.0011618999997153878,32.0,1788.9609375
speech_george,hum,0,-2.2608072936105832e-07,wavelet_soft,-0.2963707161823347,-0.2963704901016053,0.02849229434895986,-2.4068479231109903,0.0010024000002886169,3.0,0.00033413333342953894,32.0,375.25
speech_george,hum,5,5.000000190947393,noisy,5.000000190947393,0.0,0.008415701673794343,4.992253750858875,6.900001608300954e-06,3.0,2.300000536100318e-06,0.0,187.5
speech_george,hum,5,5.000000190947393,stft_subtraction,19.95155455724154,14.951554366294147,0.0002691131347132503,20.239601293681822,0.006320399999822257,3.0,0.0021067999999407525,32.0,1788.9609375
speech_george,hum,5,5.000000190947393,stft_wiener,18.930247530092416,13.930247339145023,0.0003404596103581095,18.883653819584683,0.0035420999993220903,3.0,0.0011806999997740302,32.0,1788.9609375
speech_george,hum,5,5.000000190947393,wavelet_soft,4.393092423688997,-0.606907767258396,0.00967789950920475,3.2252668707425434,0.0009825999986787792,3.0,0.0003275333328929264,32.0,375.25
speech_george,hum,10,9.99999984015686,noisy,9.99999984015686,0.0,0.0026612787540097136,9.995649306613412,7.100003131199628e-06,3.0,2.366667710399876e-06,0.0,187.5
speech_george,hum,10,9.99999984015686,stft_subtraction,23.568701199270148,13.568701359113287,0.00011700925954059468,23.873880092088676,0.006100000002334127,3.0,0.0020333333341113757,32.0,1788.9609375
speech_george,hum,10,9.99999984015686,stft_wiener,22.91472523336494,12.91472539320808,0.000136024715953026,22.89417066285154,0.003260400000726804,3.0,0.001086800000242268,32.0,1788.9609375
speech_george,hum,10,9.99999984015686,wavelet_soft,8.92499585510874,-1.0750039850481201,0.003408715576642357,8.35797724480121,0.0009532000003673602,3.0,0.00031773333345578675,32.0,375.25
speech_george,impulsive,-5,-5.000000303482926,noisy,-5.000000303482926,0.0,0.08415702641400884,-4.971579539683035,6.099999154685065e-06,3.0,2.0333330515616885e-06,0.0,187.5
speech_george,impulsive,-5,-5.000000303482926,stft_subtraction,-2.090292854595851,2.909707448887075,0.04306452250914287,-4.196739893425797,0.007949700000608573,3.0,0.0026499000002028574,32.0,1788.9609375
speech_george,impulsive,-5,-5.000000303482926,stft_wiener,-3.077803938686107,1.922196364796819,0.0540593408203967,-4.199248146582116,0.003990400000475347,3.0,0.0013301333334917824,32.0,1788.9609375
speech_george,impulsive,-5,-5.000000303482926,wavelet_soft,-4.19917387520189,0.8008264282810362,0.06998544662286542,-10.349479510676982,0.0009247000016330276,3.0,0.0003082333338776759,32.0,375.25
speech_george,impulsive,0,-4.828918755230878e-08,noisy,-4.828918755230878e-08,0.0,0.02661278685048497,0.0161671852780784,6.999998731771484e-06,3.0,2.3333329105904945e-06,0.0,187.5
speech_george,impulsive,0,-4.828918755230878e-08,stft_subtraction,2.7169910327195086,2.7169910810086964,0.01423610712153768,1.5250590303226197,0.0062393999978667125,3.0,0.002079799999288904,32.0,1788.9609375
speech_george,impulsive,0,-4.828918755230878e-08,stft_wiener,1.8186280948633131,1.8186281431525007,0.017507637332836935,1.2800630285220271,0.0037755999983346555,3.0,0.0012585333327782184,32.0,1788.9609375
speech_george,impulsive,0,-4.828918755230878e-08,wavelet_soft,0.20337539970543644,0.203375447994624,0.025395268655165244,-3.2726128739195905,0.001012500000797445,3.0,0.000337500000265815,32.0,375.25
speech_george,impulsive,5,5.0000000600044245,noisy,5.0000000600044245,0.0,0.008415701923787334,5.0092690175373065,6.500002200482413e-06,3.0,2.1666674001608044e-06,0.0,187.5
speech_george,impulsive,5,5.0000000600044245,stft_subtraction,7.477444324981272,2.4774442649768478,0.004757139834229289,6.863450949705605,0.006487599999672966,3.0,0.002162533333224322,32.0,1788.9609375
speech_george,impulsive,5,5.0000000600044245,stft_wiener,6.706115401384678,1.7061153413802534,0.005681706689660631,6.46852317541102,0.004216199999063974,3.0,0.0014053999996879913,32.0,1788.9609375
speech_george,impulsive,5,5.0000000600044245,wavelet_soft,4.366950332060568,-0.6330497279438569,0.009736330708040012,2.626812478782912,0.0010457999997015577,3.0,0.0003485999999005192,32.0,375.25
speech_george,impulsive,10,9.999999987550785,noisy,9.999999987550785,0.0,0.002661278660329663,10.005387360875037,7.499998901039362e-06,3.0,2.499999633679787e-06,0.0,187.5
speech_george,impulsive,10,9.999999987550785,stft_subtraction,12.189369154761096,2.1893691672103106,0.0016075090805953323,11.923339393471004,0.006429699998989236,3.0,0.0021432333329964117,32.0,1788.9609375
speech_george,impulsive,10,9.999999987550785,stft_wiener,11.574817883635276,1.5748178960844914,0.0018518617512696552,11.47582731990356,0.003966699998272816,3.0,0.0013222333327576052,32.0,1788.9609375
speech_george,impulsive,10,9.999999987550785,wavelet_soft,8.327929225429372,-1.6720707621214128,0.003911086563830073,7.670825043881276,0.0009372000022267457,3.0,0.00031240000074224855,32.0,375.25
